ID,дефолт
d61968aa-7fb8-46b2-8573-3d101d3ebe5b,0
760116cf-25b4-47aa-9a20-e3baa5fc6d09,1
a0a11839-e745-4704-98df-bc3ca0d4de3d,1
dce70289-411a-415b-a88b-4cfb708175fd,1
4ad07831-8a0a-4ef0-9bdd-fef5496e186a,1
3810ae66-5a31-44cc-8d4b-69a99b689c88,0
462e9af3-9962-4263-aabc-42b1059997f6,1
93432c76-d604-4e9f-b1ed-10f544e928ac,0
f3234331-1828-4e61-a6de-fcafd9ba9cdb,1
26331cc6-cbee-43e3-9cd8-89e231979167,1
0d700c8b-de36-490a-b030-9415ef21db2c,0
b5d9ad36-5287-464d-a30a-6658b1be6df2,0
71a3fad2-b094-4d2a-aaa9-3b436d15f16f,0
1ee93260-3002-4831-b227-e8d89c60c81b,1
f2ca2002-f650-4852-82bc-e2e0dfd5988e,0
dc89e59a-5190-4e93-a9d0-c2ecaa8d904c,1
e1ea1d2e-9874-4952-93ed-4b5c2c4276b2,0
07a1012a-e8f8-4e43-8b99-69081d575d69,1
0ea20820-67af-4fd7-9a8e-a2f5f556b55c,0
c81a5f0f-1b1b-4a94-b983-4d4b1c65f6bd,0
61458972-06fe-49ea-bea0-9deb7d84dae5,0
116f176a-755d-4764-8bc6-fdb98a497bbd,0
0f1259e0-a18f-46b6-b535-106e122c9a56,0
6db99102-a48b-4dbe-957d-94a106f028ff,0
d783b9d0-5820-4a4f-8d18-5ea51740e77b,1
3fb00e1b-abc8-46cf-b798-bd221eb6d3f0,1
d926fe41-b36d-4121-8ba6-fe0995ea6825,1
9c2b4ca9-be2f-4685-8a8f-fb2c1ff71e8c,0
e9366a85-3a46-4be3-9255-a4de9330ba83,0
ef4bd7a8-746b-402f-bebb-f6dfed84acc9,0
c227e0f2-0510-4943-be3e-b6f738b595b9,0
434a7e17-eece-45b3-ba8d-a12744f64bef,0
f721e45e-d796-4fbc-bf79-17c5437feb6b,1
fa34d2e8-dd3f-4d7e-a508-dc9513a4a492,0
279f5df0-da2d-4df9-a3c1-4a53acf96a12,1
4a9b0dc7-97e7-4b55-846f-c2131b87a428,0
59cb1e01-8a40-45cd-9597-b5085bed5760,1
c891c9c6-8952-4c51-9145-3eb78e59f579,0
f822c3b6-cb28-49c6-a4a7-ad110027112a,0
ea467d0d-ce05-4ac8-9e0e-5cdf89d4d409,0
d3ec1562-91c0-49ee-bad1-c48f6b39c4dc,0
aee5b68c-6093-418a-a472-3a97a7178558,1
9c2f3381-7736-4b28-a25e-75c8f8f431f9,1
40c37cbc-3d5b-4535-abed-e2b6c9eef97c,0
a7728290-78d5-40ef-830b-4532a7c24c68,1
43b6c6ef-35c8-4133-bb8b-1581cba95e23,1
4d862412-ae8c-497b-955c-4e185be2124f,0
bb9ddc31-da1e-4729-878e-be4e0b8079d7,1
0ab6c155-2e42-4010-a9cd-10722127130e,0
4169de84-0ad3-48b9-ac10-180ec8d2382a,1
980b6853-0c70-41eb-9f85-c2dd88e44a48,1
b2f9fa1a-53c5-4448-b61c-c55b8fd0720c,0
58e9bbad-35b1-473c-ad56-cfd579ab3018,0
7d53c706-fb50-48f7-a0cb-feca6d7e39bc,0
34b6685d-acd4-480a-b0dc-75fb199d5089,1
067965ab-61e5-48ca-9261-14b7142a6f47,1
427f6635-5f7b-4b00-9772-03300f589a93,1
5cbe693e-5e7f-48d9-bc33-499fc4916b7f,0
b32d3c81-a8e5-4e05-b1b7-bd1ec0d52828,1
0fda6ca4-107a-4bcc-ac20-d2016b88ccd0,0
50326fe6-1de9-4c72-82a9-f7e5244cb9a8,0
b575dd69-0b61-49c4-844a-a5c98e56dda6,0
33c43cd1-b44f-4e12-918b-621e04fc9dd0,0
a45ca94a-3452-48c4-a031-046126d3e222,1
69498671-7e55-43ba-a8a2-f417379e03dd,0
d37805ee-204f-4be4-adec-6f15bfdc2b0d,1
3f4435c3-2fbd-4f4f-b9e8-ba00cd59855d,1
23a13e20-7fd2-45ee-ac48-436668bd80d7,0
2c2e8ba0-157e-4914-8442-4098ba9cee3d,1
a9fe494e-304c-4b39-b6ab-eff0cd1d19da,0
d1d46f58-2b72-4139-af61-997d61275e64,0
bb27f6bc-9888-40d9-9423-251ebcb12a00,0
d900da4b-ff31-4846-8600-fc5f1f9b5662,0
596bf99f-a111-4bb1-b952-0c712e31e772,0
0450f237-1feb-4daf-8f03-8aaf3fec2bfa,1
e0acdb75-2326-43d0-86fc-e65a5af7dfe2,1
dbd34a94-8a99-4027-a085-0656a22646f5,0
829d03f5-567f-4e50-b4c3-13eb7e225d5c,1
75b27455-04cc-4ede-afac-16730ad45230,1
230681aa-dd50-4d6b-963c-b5294357ac51,0
75938f5a-b40b-4353-a96b-e9034e09c596,0
a0970ff4-dc42-4980-8059-5e29a226a75b,1
6ab62dbf-8663-48bb-aaf7-895bb241cfd3,1
6b579789-4bb4-4889-b900-5224851031c0,1
e27a984d-6548-41d0-bfcd-9eb1a7cad415,1
06531d47-4867-4b30-b956-77318a4cfe1f,1
6610ba20-f0b0-4031-898a-ef7285d3f3ee,0
4001570a-3312-4e73-8485-63a3aeee2302,1
6f2ba37e-a0fe-451e-8684-e4388cd5219a,1
29c649ec-2b48-4034-88e5-e76e68eac538,0
850cddfd-1c3d-4e19-b745-55601fa54251,1
0f90bfaa-b44d-4088-97bc-6e8af9653f72,1
a7087280-34ee-4b67-a1bb-d1838acfd4d6,0
3360d115-48b5-4c88-8f63-5f4a2b9a118e,1
ff31950a-fdd0-44a1-8cd2-216f50adff63,0
d664d264-4c6e-47ff-b9de-7a3a486822b9,1
93dc8eea-3e8e-436a-87e9-5e6d7f71eef6,1
ac00cd5e-922d-4ba6-b5d5-b1199c09f0fe,1
848af440-7fc1-4858-afa0-d842bc55300b,1
f5f3943a-e8e7-4030-8203-83406372d635,0
13189bf2-cf3a-4554-8f32-cd1499c69fcf,0
9f6e292a-bd6a-4ee8-991c-2be69e2189db,0
0e5779ec-be1a-470f-ad83-a4c869f8d3e4,0
cfea3a8f-7b8d-432f-b9f7-113dba9bb777,1
f220eeb5-6760-4abd-bf31-0f21c87b17d9,0
57f46801-69a2-4466-94c6-d16d569186b9,0
7317591a-3283-4aa4-a212-ab7c9d361cb6,1
b0c5d3d5-c755-4c99-8349-95ff67432c04,1
bc033a02-2d9e-4145-bf5a-c17aa926550e,1
939d1b61-20d1-40ae-b0f9-08d240c06d72,0
b4f7af31-1fe8-4be4-a3ba-b56cdb2bfd4f,1
5738b277-8576-4472-8fef-c63f8d41d660,1
aee7c7a5-8629-4fbe-b09b-48dd63329992,0
8d9957fa-76fe-4cd6-917e-7f4a0f8593c3,1
04b40ac9-2831-4f0d-be90-63fb64b5d9a5,1
d8bfc4d5-80d5-4f85-8d3d-22c1d72d6882,0
725d4259-3c4b-4eec-a231-ee7342c2d2eb,0
01c7ea8b-267f-46ec-947b-7a33acba60e2,1
85a0429c-a18d-418d-b6a0-e01fd969c458,0
e3b2f985-2ad0-457e-b30c-19bc1073c0c3,1
df40ae0a-e1cb-4d85-b4f1-7153e3b89773,1
0843280a-07ac-43fe-a73a-366e43577225,1
4221ad1e-17be-460d-996a-d4754efac302,1
0ef473a2-900d-4f16-80e0-32006197337c,1
82e89b5e-4bcb-48bd-bfca-79d85f42cf6b,1
7011a2be-ce4f-4c66-9645-b6bb59c085a8,1
18412e07-f583-4c69-807f-26542be4be9c,1
5f321f6d-02dd-45c2-a405-8e04b393cb2d,1
c2e79a98-5c23-4d8d-b1da-35b94eea9db8,1
ef145b36-06b6-4727-afcf-9246a81f3e5b,1
d0243d72-3748-467f-961d-33ba350843f0,1
2ed1027f-dcbd-4ef5-af8b-07d099c8cca7,0
51683612-2bb6-4a4e-8c47-5261e585a0a5,1
81f631d4-a392-41a7-9777-a4774c66e0a8,1
8bc85d37-09cc-4f1a-9c38-7c2a1243e838,0
97777f10-f2d2-493f-8e85-140d0f9aeb70,0
0a6368f2-e413-44d3-a083-ebb5c0cdf96d,0
b253d218-6c4a-47ea-8906-17f2747b6dba,0
8f040721-e5a5-429e-8b8c-1d76303c1503,1
f105c2d8-7acc-4c3b-b90c-a4475352db34,1
1d2c2721-7522-4646-b273-75bf5373bf4d,1
14588063-5bf8-4d1d-86ad-7920aff7ff5d,1
290fb2bd-f458-4d04-8476-fc349dc59ddb,0
be60808d-bcb3-4076-b688-f76ea504ee5a,0
692ac139-1f4a-4ca1-ab85-fd595463adc7,0
b8943df8-c9ab-4a91-9674-b9e20e5995aa,0
2f8c83e5-6e8d-4644-a01b-fbcbf0eebcce,1
33611134-b012-40ab-9fa8-70407c260521,1
f3f73d69-c853-45f9-b35b-ea93923ad413,0
b546c5c0-d6de-40c5-ace4-599df92408c3,0
fe95c8c9-c16c-493f-9c40-5fa3de2752ba,0
be6826d2-4aac-4fb6-8b14-5c963fa8a0e3,0
d28fcf68-c871-47b3-8468-b74d85e3ade5,1
79edf2d0-ead7-431d-94ea-18f51a01d224,1
05d0f23a-5ecb-4693-b3ac-2f5e1749939d,1
6855a90d-0f2f-4a57-8883-93111216e243,1
de1d4653-d112-4bb8-a7b2-df91adbd2e33,0
db1df2c3-2713-4873-b3e4-613a6672cf51,0
e2eed64b-82f4-4196-9a41-c57f4bf70dc6,0
f2a83faa-f11a-41f5-8826-80f934010b60,1
f77e1ee6-0c15-4b28-8728-971988c75e8a,0
81c974a0-ed6a-439f-b560-4484937749f6,0
cff14c0e-c7eb-4d43-ba4e-f72fd8139af7,1
ffa623d0-ea9e-4c8d-b1a8-b71f491b90e9,0
62c9f4fc-f686-4fa7-a94d-ed1e11ca2a0b,1
2223ab94-f157-4169-83ad-6ffdb4479e70,0
4d171ebc-5a45-48ea-93e7-63d10378bcb7,0
02cf63a8-98dc-4031-b63f-bae910b8c1c5,0
0207006d-e883-44f4-b29f-2d6b8915a364,0
d2eba277-f64d-4de0-a92a-988036841339,0
ade81084-ef29-4413-bfda-e6661b314321,0
378a91e6-882a-4ff5-80c0-63fc9c9a9d7d,1
f0b5156b-b82c-4074-afd5-dea589d7fd6c,1
7092947d-be49-49ec-a667-d3bbe3b56360,0
340a22d7-00bb-4543-9c98-fd573c359ce2,1
ac0798c7-d657-4ecb-9529-885a0444c6f1,1
403fd582-4ccf-4a4b-bc93-243ec90b9454,1
67e2020e-f11f-4e97-b546-1a1c5a5a5dac,0
62821d61-3fbb-4f57-b6f5-6f1cc4a531cd,1
a832a228-8c65-401b-9521-e8251177fdd5,1
82278cac-0cfe-4cdf-a872-c5573d9049bb,0
390bde0d-98e7-492b-9f53-5718535fc8cc,1
3768d6aa-fd34-421e-bb59-475ec88a9a74,1
b8875caf-1991-403f-906e-ccbc3a8359b6,0
9f6facc1-451d-48fe-8532-fc74a9987bdf,1
21e5259f-cc0c-419c-a973-6b1829d5039a,0
b75d2f0c-472e-4f3b-8f9a-fd511a58fa44,0
1a04409f-37d9-4c58-9902-bf0bba891427,1
ba5916c5-9de6-4f2c-97bd-9ee6e63f6d3a,0
c55523ed-fe89-46c8-99cb-3540643ffdae,0
2fe5b140-23ea-4956-89f1-137d7d592e19,1
db0dc10e-1ca4-4caf-99c1-3fccf5fe9cc4,1
df8b4008-7d01-45a3-8041-f5d49549e631,1
6e935615-38da-4a90-970f-ad328135f15a,1
83d03e33-3296-44c0-8201-938b971444b7,0
5e66d8fa-de69-4076-9f8c-edcdc91ceaae,1
b6a35409-1c20-486b-b5d0-44fb2cd64d84,1
66383fa3-dec6-4e8f-b21b-76e3482202f9,1
0eaf04b5-f2a9-4c8a-8a9e-4a62fae3114b,1
b9a3773d-d283-4904-940b-f9dc65fd5412,1
a6789753-8f1a-4d4a-b2ce-d11f8f59748b,0
1b67f7bb-33bb-4382-8801-8e83df9d3910,0
6a036e2f-5108-4482-bdb7-7a79990501f8,1
b390b059-207b-4e21-a7e8-d18eddf6d4ac,1
c87c1935-d139-46d8-84e0-137119fc9448,1
e7ab2ef7-7b8f-409a-8c8c-eba90662200c,1
af70de70-2b69-495e-8567-1b58926bffa5,1
b9493906-939f-44eb-be5e-215ec47cc30b,1
80851d53-2d82-4b6a-89bc-819e9d180608,0
23625303-2ae7-4b5d-9cd2-dfd44c745676,1
6de72534-9c9f-4ec0-af80-a18943cbfd06,0
66edef30-2fa8-4808-b8f1-6861e3e3e73b,1
da3465d9-89cd-40e7-825a-2dd465333140,1
a34db7c5-760d-4bbb-bb70-b3a124a35cf2,1
48924bd6-e399-40dd-8e1f-39bee4edc295,1
47419b48-34ae-4abd-b6fc-e0acb4698db3,1
c2045288-3bde-4b66-b01c-3f0c9b43324c,0
b18753e6-d457-4ad9-a867-a096edd877c8,0
11e74656-9026-4d4c-88ba-135ebd3b17eb,1
d92f3c1e-df70-4b2a-b8bb-22a5eba742d2,1
ed86a0c9-7dea-4676-bf6f-b946e10d1490,1
6a21ab97-d04c-4e8e-9eca-88d3af665d67,0
ee1db5ee-f480-4b7b-91d5-d62b1c45cd81,0
fb48ac14-0d0d-4136-8404-fe9a32fe1dea,1
7533c4df-b964-4bed-9d75-5e6cab84978c,1
cd65e328-19fb-4ed2-8da1-2b024a2c7830,1
0809c464-fc90-488a-a33b-b3e0d5f00f27,1
d32e6dcd-83bc-4478-9d6a-c7b86778043b,0
0b33b7a0-5163-4a91-b993-b65f35ded447,0
ae57927f-730c-4e0e-96f9-92984634a5f6,1
1f7bd82f-2345-4e72-91b4-856255a8d6a1,1
0ee52f63-9caf-4df1-b584-5d71b221e1c5,1
fdecc58d-73fe-41a3-bed0-24cbb6f37bd4,0
76f1a8e8-455d-4614-8301-a06c54a1c8a6,1
33261887-9058-41df-ae9b-f3e11d27c09a,0
0b704f97-ded4-4617-914b-e8ca59410ea3,0
2c913a7c-a340-4f08-b341-91b8ed6522b4,0
21a496a8-638b-4370-935d-1936d7d2f88f,0
e522266c-393a-46ee-a2eb-4a7f7ecc492d,0
de46222e-2514-47ce-b4e3-5f7ba1b7e3d8,0
2ea9ef6c-4905-4b93-890a-83b4b639529e,0
0c9e5550-3cd1-4f3f-b0c5-827854dccba5,1
b7a745e2-e327-419f-9895-cceaafe2ff5c,0
1a50a93c-e5a2-409d-a8f8-687bb766ac85,1
5f5e9c52-ef15-427d-aa21-ee30fcd77150,0
afd50018-e27f-4dc7-aa0b-46ea1b0b249d,0
e7094153-5a31-4916-aefb-2a2471693ed5,1
87d75309-de77-4156-9f76-043f9a16b853,0
b5bef85b-ec0b-4ca6-9ec1-6a3450f35bb4,0
30cbd755-6232-417a-a507-41818d1fb540,0
85fcfa18-189b-47a3-adf8-3de2151d892c,0
6ef7ffc3-7ce2-4b5b-b8d8-f272f429c05d,0
1a85910d-5a05-4c11-8ffc-a6b199b479d4,1
12cb7604-34f6-40dd-8952-9a77ce09e92a,0
ae2e69e2-6c3f-4800-ac13-d7c3e1c72223,1
c5d899df-113f-440f-93b9-6213b6684e19,0
1a2a73ed-562b-4f79-8374-59eef50bea63,1
3527bcee-d343-4f88-91f3-79b18ebb8208,0
13131048-93b3-4363-9307-32958326c2dd,0
893e2b89-dadf-4499-82e4-bf0140ee131d,1
310e8aed-07dc-4a0c-ab72-d6947d41cba8,1
076c1833-ca50-4117-95f9-6dfa933ac61c,0
56db638a-097b-4119-8433-fd20feeef3e1,1
0abdbcd1-782c-4fec-9e5d-78a1c5bdb495,1
379d58f9-dc26-4108-b140-11a1afc2ccfc,1
611e5684-76af-43c0-b6c1-c052207ca173,1
cc5015cf-7c81-4d5a-8e5a-43726574708d,0
36b86a13-8d1b-4ecb-ad79-4edf0dd14338,1
da743152-627b-41a1-bfd6-f23232ffe294,1
3c9ea73a-2f45-4112-9b7c-398883ab6df5,1
13c3fc1b-d77a-40b8-9ae6-befe8f2de908,1
5a947a40-a32e-4ab5-8802-d74aeaef2ec2,0
6147adeb-277b-4667-8499-d0a615007170,0
4398018f-8c9d-4a84-a24c-ee91b4992393,0
685a9a7c-b83f-44ca-b9a0-d586369db2ef,0
26994648-2b42-423a-a5fa-d4573c10cbcf,0
294a8a71-bf7c-4627-b25b-7c88efadd4b5,0
3d4a49ae-e83f-4a2a-92fc-6f48e7e337c4,1
999413cc-ff99-47a8-88ad-b388287e4086,1
adc1e2f7-5de4-40f7-97f4-d848fbd3d538,0
0420521e-41e7-4bba-b9ac-1a4f42516974,0
e3dc8702-5033-44b1-a09c-f7af0889360f,1
113a19a0-a8e1-4405-a04f-3f5cefd10af8,1
517eb16a-9922-4b37-ad9e-b2d25adea2a4,1
a9d049dc-369e-4af8-a226-49ee38a06ffe,1
2dd10250-f713-47f8-8522-11a8f1c1d53b,1
4aeeccef-871c-4a58-9334-dce93145d4c5,0
3f569381-4119-4559-a5b9-de82ae5a5f99,1
366eb16f-508e-4ad7-b7c9-3acfe059a0ee,1
6d3026db-20f8-460c-bf10-545a1dd3c5d2,0
f9d09e26-165e-45b5-b526-d3b0abeb35d1,0
14c08edd-95f9-4545-a315-0039ced7430d,1
c9ceacdb-9f24-4788-805c-c2d749fa68d6,0
62a73ff5-e498-41a8-9c02-8ab78068f766,1
a71dc051-b1c8-4969-b2da-c793663c36c1,1
041aabfd-b894-4e59-a4da-b893e19896da,0
74eff545-3e65-4603-b8e3-654bfaf14ff0,0
da3c45ca-43d7-4f2b-b69d-e1e34eed4124,0
db029414-48e2-4a53-8954-105b89485754,0
48a05e4f-b064-472a-b94a-6d319b428238,0
22ae8888-5200-41ca-8855-f44a33704903,0
2d49d235-bc77-4a20-b4a4-cb8027379316,0
d0f64c6d-fa2b-4ff7-a3b7-aaf692dd8487,1
fb6e5531-3779-4ead-b6d4-017df8490b53,1
ff03f1a9-72ed-457b-835b-66254e7fb47f,0
846af2e6-5c89-4b2a-bedd-fc1777723a5a,1
67b4a019-a452-4530-a717-5804502d3281,0
276732d3-a502-4c4b-9b03-34d80f4d6c40,1
1ee26f39-eed4-4b89-8010-4995bc06e86b,0
96053035-6545-4030-a981-fa54f121e129,0
73131038-b2df-4075-9b8f-abe952377d88,1
1bb1ca48-b844-4438-9e51-993207cdabeb,1
db869a02-a69b-4d21-afb3-8c42b0901da2,1
91be48c3-2329-4406-9bac-0279a66b3d83,0
a7ee2f23-9e31-4cfd-9f09-87e9259b5aea,0
569b111f-15b4-466e-91d0-12a7f19293c9,0
e6b9f3a3-96a0-4726-a886-a9fc60beb85d,1
a2e25753-56ff-4b3e-b80c-fd3dba6a741c,1
c2a663d6-d34c-41f2-a746-cfa4724eb58d,1
3c9b7cd1-983e-4d3b-b176-6ffc05fbd075,1
c01d1c62-ba0d-4f1f-a325-85b486daf596,1
b993ff63-c6b1-4d94-b24b-cc3d9a7791a2,0
960a3974-1efd-493b-a896-0c250bb1bad8,1
2adcecb5-109b-451a-9d69-32c9a9db47b9,0
cfb0d68d-b189-45a6-86ce-c51b93efb5c4,1
916efd7b-7cc2-49b7-95b4-59923d49e4f8,1
527c9dea-6324-4e63-b535-ddc2c555b4b5,0
74cd4a41-5e07-4fb2-9919-be9116a26e58,1
615a443c-6e73-499b-b144-0c359266facc,1
62c965b2-7eb0-462a-bd45-74ebf4655a21,0
0f163af8-3b80-4449-82b5-79c2910f445d,1
edced19f-f47e-4c3e-9d5c-0525ec8f3b62,0
1aa3c18e-0aaf-4962-b92c-23e3454009f2,1
20029d9f-05e9-4407-9aad-a0b12f132a6d,1
42378962-e4fd-4c34-9670-7a2129dc073e,1
3451cf94-ee8b-46d3-8b94-6541d4cae432,0
7bc19e2f-a332-4e99-9efe-c6c530ad41bb,1
462270cb-db3d-419b-b0aa-999280c0e667,0
65daced0-460a-4125-bf8c-93d4c32afc4a,0
0b251279-785a-45d0-9f92-a62163f4c69d,0
6e3c4532-1434-4f62-acac-028cba220065,0
c75ff368-5f7d-4bb1-880a-fe9f84a6d693,0
0bfa8cd5-7fa7-4708-be72-79cecd7f65f6,1
fae9df3f-585b-4128-8002-c5eb9cd3e931,1
28e60130-2d23-4ed1-bf5d-21f279731ea8,1
fc75de3d-d473-43b5-852a-2da70e00583d,1
0c46d8be-bd3f-4354-904b-9abba41425de,0
f6ff3521-c225-4530-952a-53459682d9ff,1
11b461e9-b15d-472d-94ce-e27c4a94ae9f,0
c84042f9-db66-4c53-be15-91ee217fc48c,0
42650798-4b80-4fa6-bab1-fa122d5737a0,1
70cafdd8-fc04-4f08-9207-0158f2771f63,1
3d15d3ee-c397-43ae-b77b-97421e12bbed,0
1c153057-5bf7-44cf-ba8b-d601d21ce315,0
3dfa45fa-1da6-40f0-8a53-d7c4f68fa05b,0
a5accd5a-48f1-4eed-a703-7089c78cd2c3,0
0496122f-5525-40d1-88d4-0d840b653f5f,1
3b576da7-c34a-4fa6-9bd4-87bbc75ee63d,1
dd0cd405-9084-46de-830a-d57d19fdaf3b,1
f801a8bf-1467-473a-9507-14a73aac2179,1
23baa2ca-a90a-41cd-b4ac-51f0fcf086c5,0
e53e5f4c-6c7e-4a2c-867f-358ba48aa108,0
763f56ac-bfee-4533-acf5-9149b1c9d0dc,1
741a5b09-a63f-43ea-ac85-2cc75eb00e6f,1
9a8b8524-4fac-40ff-9385-3f450ed57c8c,1
77a63918-acac-4f3b-b395-734b50b9ff30,0
48cff1da-7bbc-4b5d-874f-92058f9d7375,1
329fc417-1081-4d45-bf45-f8a20594b24f,1
ec2597eb-9482-40ec-9966-80b38231f16b,0
9f64eeed-5c9d-427d-84b8-71bb300568d2,0
78e90ae9-e9af-4d28-b665-de1bb2e33ad9,0
f80590f0-0249-4a09-be3b-1a40ca0553a2,1
5afaeb32-419b-474e-8247-23c3a32a4516,0
ed6f4ee3-e44e-4cd1-b8ef-a3bc9457f388,0
4a4a1b64-8c10-43d4-974a-25a0b81768f8,0
457e55cb-4d13-4338-8cc4-c0a9af5a01cc,1
dea43dfd-29e1-4b4c-b701-f1f4a48f93b4,0
56d44952-ee29-480e-be2a-c03a80f58b81,0
620f4af4-9b77-4a46-9b88-fe699f7717ca,1
1a1940e4-935f-46e2-9b2c-1379b9d859f5,0
528a34f3-63ea-40a1-9202-b09c60b36938,1
c3cb0c28-474c-4a29-bfc5-ae23b9a6bd75,1
dfc8e060-6362-4509-b919-e3be12aebb0e,0
5f5310d7-6d7f-40cd-b43c-4990c007e123,0
4ec3f970-956d-40e4-aaa2-6216fada98f5,1
e0f3ee66-59a7-46e4-a341-89c5405df186,0
ea8b34b9-e6c7-4728-b157-8055c5a79a96,0
9b72a9fe-669e-498d-a3e7-3896c784ef4b,0
6fa5f03f-e92d-4961-9e0f-d29bb7a2ab33,0
2cd4e76d-f40a-46cf-b1c7-8a33db5983d3,0
e0354d75-a90d-45ad-8c8f-e6ceb69f627c,0
20514111-7fee-46c1-9ba1-17ce80ce9afc,0
f68d6979-7fe4-4461-a4e1-ed797d99e386,1
c742bbaf-7787-4d52-9d12-bbc65eaae175,0
dd20525e-bbdc-4d1f-b43b-f9ce1d63734c,0
8d84067f-ce58-47fc-acc0-e350f7c40cb2,0
3977c6c3-4f75-4392-bca7-e61410b7ca01,1
f6121d2c-ae73-40eb-a39d-8fe7790b185c,0
bec62bbe-4d7e-44b1-8001-8cbe54492845,0
7eccdaf4-c413-4dc2-85c5-ae8abe15ad12,1
f99003d8-cad4-43f4-9e68-9a6c91c98ab6,1
ae2e7dd2-19a2-4602-a8a3-d3a35fdd67bb,1
c67e0a01-1d34-4563-894f-f117d952e7bc,0
aab612c9-415d-474a-b5a6-69814104a8b5,0
489af195-62b6-4594-90f4-c9418fc7ad79,0
d284b528-b091-4fb7-b17f-3f92d26aa790,0
d5b26840-f4b3-493f-8b38-2c494853338d,0
f7336094-6b2b-48b9-85c7-f3bed183010f,1
abf89388-f254-450e-bde4-71bff8655d61,0
f9a55cf2-a66c-4fa1-b5dc-8a9afb38cd91,1
80ff8beb-631e-4726-8364-9c91faca60d4,1
44852295-1566-4483-8526-6dc83f936724,0
ca33dd84-58c2-47f1-9b68-d4ee2f9997c3,0
9170d854-c734-417f-84a3-60a6925d5ff4,0
563b0ab8-bba9-427b-8b8f-63c28ab1e605,0
aa000756-52e0-434e-a505-a2b69dd3c15a,0
7b03f61b-5705-433e-92f0-2148016d0426,0
3eda9150-3993-4371-bc60-ae1c8818d277,1
ae742530-ceb6-4fdc-b734-a78de2682c9f,0
7f2632df-21c2-4510-b6b2-b13cb79f0581,1
19ffa018-c1c1-4a4f-915e-a371f0b10781,1
b52c4358-d4a8-445a-b5d1-d77614c08f6d,0
997bd7bb-9a58-431a-8663-686eee70e803,0
9736bb4f-f5c8-4e3c-aee3-1d4710ecf6ae,1
e6829d8f-9a43-4a95-b672-cdbe7dae4677,1
3e72e402-3a43-47a1-b52d-ed780f94db38,0
c5f8e2f8-414f-4994-a845-77805e20c957,0
65a4c79b-2aba-44f9-b5e8-0364147f1f67,1
281f45ff-53bd-4b05-9308-9f8bba345e82,1
52891c31-f2de-45fd-a8b7-b5418d8b3728,1
4b11c181-2dc1-4143-8469-8c048af190cb,1
97c6eb3c-cb5a-4c0e-9834-a40dbecfdded,1
bd0443f0-7027-41f1-9ef3-6d4d9d85aa72,0
bb10f0be-db76-4604-befa-e203b206da83,0
0e8fed60-d007-4d07-bffa-ea11b8469295,0
ee93a4d0-cd24-420c-8d34-6977d41bd8bf,0
745d8729-5bc7-4822-bcfe-06e3c395899e,1
e0099d7a-ca22-4c56-afc8-503c7dd43e50,0
5c42adcf-5acc-416d-999d-ed5edb84aa96,1
506f6bc0-ee6f-4a9c-b446-023621f66088,0
22bf18f5-1f65-4a87-b33e-e3447dbf4bc1,1
6d1e0d7d-1402-46ee-81e6-935f3c7ed208,0
705faecd-2edf-402e-b531-8081b4effa29,1
74bd0c93-8177-4661-b7fe-032c02571851,0
b6697d0a-8837-4bbc-9898-06fd86912efe,0
6c307511-b2b9-437a-a8df-6ec4ce4a2bbd,1
67cbfc39-f54f-4b92-8442-906f2e16f0b6,1
a7fc1bad-76ca-4cbe-834f-b3a955849e58,0
836f224b-0b8b-46f7-aad4-4e111397a29f,1
edd24200-f884-495d-8a45-e44d4cd82847,1
ebc095f5-571e-4230-a978-78c17c2257a0,0
51ccaa40-2316-4b59-8fbb-f4e3e160e35b,0
e47472d0-77e0-4d89-9197-aeb02ee49d62,1
c166a8b3-f26b-4ebf-bdef-3b8eec0dfc3a,0
0488a0e8-1028-45b4-b938-ce7ff86e2588,0
b8d7e825-bd6f-4707-b17d-64df35e8f24a,1
3a5b171c-b7a4-4108-8dac-20f90abd99fd,0
9b58e20a-7c8d-4aef-b0a0-4e0b3a4d1f57,1
35c87983-910b-47f9-a1ae-25a6f1966b21,1
6fea84f5-79f3-4373-9bab-13ac9863bb20,1
5b29317a-6675-45e2-b177-3294a4d21eae,1
a19f304a-af71-4929-bda5-e1d1aa3db493,1
420fd9a8-d45b-4e9b-b61e-c0ed8ddd2994,1
98159d6c-9d71-4084-971d-abf9daf481a7,0
1b0c9092-8127-48f7-9909-e0c9276c7935,0
9baefd9e-88c0-4786-b238-7a5acfb57f2e,1
0038dc84-a3ed-433a-a722-2ea2261b5048,0
c75e769c-22e8-443e-9b4c-80a75b13d748,1
61208478-6f18-4134-b618-5aee62ccf3b9,1
6e411e23-7dd1-4b8f-aa05-5b69b4c04bdf,1
8eb7c306-8f73-498e-9c3d-0d5f5c6801d6,1
725f875a-047c-4fe5-aac4-75a55b5cd6c5,1
806a29ad-f6b2-4778-be50-8d4d293a60be,0
a5df6f85-bab5-43fb-9dfc-d1d5cb863dea,0
cc62f748-54b4-48a6-99d2-c70309ac7ba5,0
40328c40-b100-4314-b77c-ff4c99252280,1
2ebfaf4c-8135-42e7-b8c0-0141ddf194d4,1
031d45fc-c9c0-4379-829c-34f70f5bc40c,1
2c5d849c-4f8c-41b9-98d7-88d94d515b58,1
1f0b2be6-6040-4c51-984f-a41ff9f7852c,0
635d8150-d8dc-43a5-b09a-8327891d47fe,0
54ce26be-c8cc-42c2-a518-a4186f14b3f6,1
e8d7ea29-3694-478c-aed1-95c9a8c62c4d,0
d10320a3-8a21-406c-b13e-3f6d0062cf68,0
7bd7b4bf-8e0e-4bb7-8f20-c5e75ec646eb,0
d25697ad-0def-4fd0-951f-de3f573ecc3a,0
b6ef2c43-7b93-4d83-9f13-08200f3b35f9,1
debfe7d3-7404-4fd3-8377-c4283d51c7fc,0
3094f256-7420-4299-aad2-85f1607e683f,1
5905fd87-84c1-4470-9a04-23dfe634727d,0
59ccc94a-bc1c-460d-bd9c-03c773deaa56,0
e893be3d-7354-4a6f-a160-745985c7504b,0
c3aa59ef-e5bb-4fb9-a2c0-7b0fbc374a1e,0
abf5c5d8-7582-40a7-b4a7-4d4353067ada,0
10372a5c-b893-408a-9219-02163d211daf,1
2ad11fe8-7d1b-495e-b1a0-449dd703262f,0
c7fe8dee-0bc6-471b-b25b-76a6f89c2ef6,0
b2879bdd-193d-4b13-ad11-b850273beecb,1
11730df2-2956-42c6-8bac-fa4aef1e4acf,1
f7ebc69a-b428-4f0d-9a6c-f45952f6531f,1
c4e57a92-98d5-46b9-b128-7916248bd5aa,0
e7f2418a-953f-4fd4-a069-4b6d04b51c12,0
52c5be0f-f2e3-419a-b57a-7220763a4e61,1
354f9914-5698-47e3-b16d-a24334def7ee,1
19d9d0b5-a962-4996-abbe-3b5a4d15f7d8,0
2a9527f6-f817-4ebf-ab6e-64c5bb8aa843,0
61652fd3-41dd-4edf-acfa-a174ba059e68,1
b91a7793-5e7a-4fce-b530-57b9295026e5,0
4d2a5ec7-029d-44a0-8609-ac3b386b8594,0
7c967f79-b7e9-4aca-a970-65e18e46d534,0
25c73c44-3e75-43b4-a64f-a6637e8f8095,0
2d8cc973-43c1-436c-9013-b7a3f4a29332,0
ef3bbcb5-4135-44d3-8108-cc5d9351a5da,1
ecc38555-2b9b-4ffc-b2db-b2c54518f4c6,1
d9f0fa1f-c2a1-4a12-89ce-ab51a79a80da,1
12fe28bf-81e0-4489-9a18-e2a30e614bcd,1
a84f3d75-69f8-46b9-881d-07d0ec2fb9e6,1
2d1368f3-0580-4066-b22c-3dae2db4e428,1
331f63fb-d11f-48c0-a97c-a4fff75d599f,0
81edceb3-8bb2-4f15-a045-d9e673ad562d,0
70c0a4f6-1065-4764-b40b-077950640ae6,0
3f3d2b89-a37a-4c5c-8a9d-3213e04b1533,1
d2e08e57-a6cb-4dda-93a0-181bcbafd542,1
ac00f929-bbfb-476c-bde6-67f9bfc46c0e,1
a60147c3-48e0-4502-8598-f3c8af449605,1
d961cea0-8a62-4b5c-ac4b-7dbd1961da1f,0
5c3552b3-9437-4280-bfd4-67e77491050c,1
43b7a3a6-9a8d-4a03-980d-7b71d8f56413,1
25e050f6-b273-493c-9cad-a48a46a42ee1,1
be66de49-ca6d-4803-b75e-a48f6f747d68,0
99786dc1-5f54-482d-93e1-1f554289281d,1
abb558e1-cb9a-4ed5-bdbc-ebdbb119779c,0
99afee64-9024-4225-84bb-10e079f7f38c,1
1d53434b-b881-49b9-ae27-0da702f06b90,0
8d244e3e-c4da-4ddb-a0b1-5abaa6a27967,0
7647f43f-59a1-4829-acef-781debfdb100,1
7b011fdd-94c0-49e0-9c9c-4570bedd62a7,0
650c4a03-af1f-4779-927b-a660bb335cf7,1
c08fe6d7-b361-470a-ab49-acc635e574e0,1
5aaab32f-ce63-42b6-ab05-347fd556b37d,0
8567c805-34f5-41c0-88c5-eb2a7490adeb,0
e886a011-36f7-426c-9a9c-06792c3d17e2,0
677f7c73-fd9b-4af3-9812-5123984f5a56,1
d66cbda1-20be-4394-8cbb-ca011cacfd9f,1
6e6b34b9-07ef-4ba8-b45a-6ab37b94a34d,0
31d46873-c29d-4b1c-8fcb-6df2c5e3b186,0
3d0a5f0c-0c39-4ec7-9f31-74054d183eba,0
0466b04d-2c0c-4e4b-8920-aae993283178,1
23065b37-1c75-425e-9d3e-0153ea15bb14,0
1b4909b6-5cbd-4682-a8aa-123650deef43,1
ca957c2e-65df-49cb-8062-42771a3ecc71,1
e182701b-2e3b-4b69-8c2d-0e27c370f2e2,1
0a1bebd3-e60e-4813-802d-a0fa227dcecc,0
b3322d31-d3a6-4f0c-ab07-8653af878674,1
b8c4535c-44ac-4bbe-bd88-857bcc282628,1
3d56400b-22ff-4a30-86b3-fcbffb18291f,1
a6685e80-f16d-4fe8-ac50-4475a4165dd1,1
0b49452d-46d4-43f3-9450-281c6c6f7633,0
5df06e8c-878a-4ed9-a33f-fc8292ec89af,1
1e557621-d1f7-4b45-845f-1770536b0351,0
d3e78237-cd21-44d3-9960-6af0aa546c79,1
35c0c003-d2cb-43eb-bd52-3fad3fbefe33,0
b281738e-d7c7-48e6-a495-430e0d6f885a,1
74d90398-c17a-408e-bf2d-a31889ee49ed,1
117e894e-91fa-41c7-8141-bb373de814ac,0
b9725caf-fea4-4063-b16a-83488fc8ed53,0
d7aae31f-6afd-4346-acc6-9033296e44d5,1
a6e62c01-8529-474f-bc48-13d916c60b3d,0
9fc08086-228b-468a-ad5f-4dd311a2c64d,0
1f79260c-9020-4de2-a0b2-55bf67ba189d,1
a9c55ff9-9dd0-4b9c-ac14-52b48bc1163c,1
1d2467e2-0191-419d-845c-3fbb52ecac27,0
fcd2280e-e3c5-4ba8-b122-d7a0d12972d3,0
4a13b17c-8d93-4a1b-a5d2-5bc33c3826aa,0
f3bc9a71-07f4-4ee5-ac82-989ffd9cfbb0,1
66e66f92-a0fc-4ea8-b310-401b9610b3cd,0
b9f9d376-c79e-449b-aaba-8f0cc9eb6e3c,1
209595a4-602c-4604-93d7-54d6b30269aa,0
f845846e-fdf0-461e-85eb-074dad900360,1
513be62e-d9ff-4acd-b284-03566d1eb9b4,1
38f1f1ab-cb17-4945-be88-f8e4143dbd6c,1
95e7f614-42b4-4281-9f26-946654d1332a,0
74650ff9-f014-4b87-965f-a125eb85105d,0
fa11f0e7-566d-46e8-9c86-cf6f0285ede1,0
5304317f-af42-412f-b838-b3268e944239,1
262b2cda-00dc-4949-8740-7d86fa3a4705,0
bbfb1b71-0a68-4eb8-876d-e8c5440c7e5b,0
3873e57f-0ba0-48e8-8ef4-92c1aac93316,0
a3fe085b-81b4-4b37-a98b-4ff499ff70c6,0
f3151b0a-fd13-4ac5-a6cf-af54ca9dc28c,0
3d9ffe59-9bc0-4a93-92cd-adefb9d276f4,1
1641d960-dba0-4dec-a2b8-fdcc4e20c377,1
b8ddf15d-8ea0-45f0-89cc-253fb4693ec4,0
ffad7df2-c959-45ec-9ae6-54b79e3b37e6,0
a9488d99-0bbb-4599-91ce-5dd2b45ed1f0,0
b3eda8f1-026b-4383-a301-ec030e5d8c6a,1
7c53ccb0-96a8-4f54-b26a-18440cf2a69a,0
1417c2f9-eb91-431a-9eb0-5b4a1b4ffd5f,1
fd08b32c-62d6-4e93-a198-5d54cfb87e6f,0
950df1a0-7aaf-4001-9912-316afd9e8e20,1
b04fd83c-1773-4d21-a906-222b8a00cf6f,1
c252714e-869c-4fdd-8465-a8d7438806fe,0
3c0a584e-a7cd-43cb-abda-06b220d2b528,1
2e408d57-63ba-4c3d-807a-be48f24e7fd6,1
f9012b9c-6057-453a-8067-f79084440504,1
7f258778-8140-4ce5-82e8-118f9ca3d9d1,0
92ef63c1-781f-4d3f-a7f3-39dc833de3ad,1
001e7006-29d3-44d6-9a59-6f63141ec659,1
8ac8ad93-7e02-421d-b86b-543ae1b243cc,1
30e4541b-f07c-4ca7-abac-d8e1ff7661bb,1
a9ba5a27-907b-4e36-9786-48f864de82e6,1
31ea2821-3034-4270-a81f-f52852ec03ca,1
3313f36c-8de5-4a88-aa93-716a22bca104,1
c47dd678-4d31-4923-a93d-a46c37f39aac,1
f1738856-e25d-46eb-9e9a-9f83066803ee,0
4684833e-19dd-4b90-8839-c8e410db5fdc,1
2b2bf58c-6da5-4dad-b56a-abc050fb35b0,1
a847bce7-90fa-4b57-a4ac-2130deaf528d,0
13a5893a-6b13-4d0a-9673-28bc55cf185a,0
7bab1baa-2172-40aa-a44a-913af933a9fa,0
ae455cc6-b88e-430f-9e1e-994ac5a11f5c,1
75f8e3a8-7d97-4c0f-bd56-09c4a4461663,0
16b5b5fc-199f-4b17-94ab-a577e3311ee6,0
05476e17-0f9b-4aca-8081-a70437c200e3,0
2412a2ab-9c4a-463d-9c9e-78442e27a7f7,0
21ffcf72-9b0f-4aa7-956c-478fb8541d6a,0
e70d8d07-594d-40a9-b5f5-afea80d2157b,1
f5946de4-ad9e-492f-9b02-7f54ae5b4ff8,1
a19ccc9a-b732-4e2b-94a4-2bf0b96a5305,0
c9e26074-4f16-49a0-8a17-991ea5769411,0
451b4cf3-6123-4df7-b656-af7229d4beef,0
7387928a-29a3-4b6d-b9bf-ca38afe9be90,1
3139d32c-93cd-49bf-9c94-1cf0dc98d2c1,1
d7a29c6c-47bb-4bb0-851b-2775dd7b99a6,0
45fb3e8a-563b-44fa-9784-713d18407642,1
9c1817a3-5e2f-4318-a44a-79cd36b528a4,1
e5642b96-9624-4a9d-9cea-0ac0d466f946,1
e8e977f0-dc15-47c5-93a7-55812bfcc524,0
b0333c0d-5381-4235-b1cf-c83f359ee84a,1
284baa23-350e-4c9a-9d95-505626db89dc,1
95ca788d-d6bc-4712-aecc-a931ef705d01,0
047dd583-9344-4b2f-bba3-16688334e524,1
0d31812e-30c3-4756-9453-f867b97e6224,0
5fb8d16c-2720-497d-b2eb-d6899be578c7,1
c7569b9b-ca12-4556-b5cc-a86b92e92aa7,1
7e8f7fe9-163b-4284-b1b2-5b70a0a6e38e,0
c9525185-81e0-4a5e-8b48-f49686abd4e7,1
17c50a7c-6f76-4a77-8d4b-cdb2361352a0,0
4dc4f59c-355c-4fff-9ffa-7dbe63436870,1
3dc559fc-5cd0-494c-9d76-3717995b2485,0
8a81b778-8bf4-4171-8ab5-6e07a167974e,0
5714fc0b-b744-4158-a550-e249436c3827,1
c6573806-3841-4305-925d-5ccda8f5314f,1
0c906c01-3b44-4abc-942e-c8b0cce52711,1
040a3aae-52e2-4fd9-96bf-10ab3ce915e7,0
d173bd6d-16a0-4e13-9b80-5cc7e2712ff8,1
8271bbba-f96f-4a1b-a4b3-b66b51b795ed,1
2296d3f6-2005-4d7e-966f-419a4d7ae829,0
7148c007-0faf-46b4-9c63-df5edd712dc5,0
506a8dd3-0b31-424f-8858-35db2e3b5fd6,1
69bba3c4-6cc7-41f0-82ba-0fed1b8dc821,1
0f25477d-a559-40e7-8910-fade52380bf2,0
49c3f48b-f881-4f18-9f34-fd6c7bf75b57,0
cc027d43-d622-4179-bb5a-d45d535322bf,0
067ab1d7-7059-4387-b89f-52d2a8737d14,1
92a593c8-1db9-4330-b127-6a5cbe9f44cb,0
5da8d6d2-f8b3-4a8b-a05f-b8bc8a16a06c,0
c0d978e7-cf6c-4143-8335-5860e84e9da0,1
fc267da6-4a64-4fc1-a843-a5c38dcd6e9b,1
25dbbe8d-a534-4425-aa69-b7f7b28d7cb8,0
126301a0-641c-4619-a430-58d9c1f98e90,0
f168c605-ce1a-4669-9bbc-6cbc409ca8f2,0
00d9dc89-0e6d-42f9-988f-00a8e643b83e,1
4528bbd1-2df1-4e76-8f42-ce0a539e832e,0
0c880714-8372-47e0-a570-46ea5b11f51f,1
cb317618-daaf-463a-8a06-3bf5839818fc,1
8c2b678e-1f50-41aa-8088-b13a7d2194cb,0
be901a64-a0cc-4d31-8e22-efcfd02b4c3a,1
334dd7aa-25c1-4899-a89a-92c5003742ae,1
1d48a071-ab61-47b1-b93b-4c3220500494,1
af95be79-c971-4f51-8a32-bb221b2bb2ec,1
e13ae6f4-b5ef-418b-a90e-1a7e75be1ba7,1
dc5cd673-c9ed-46a6-9490-5f79aa4946f4,0
41526bff-661b-4738-97b1-6c4361a2d612,0
3ae61863-a544-4d55-93c7-f140ea224efd,1
3ed8c56c-da09-4fa0-9282-8d8044b591f7,1
0991946d-537c-44b0-89d5-af23050bd848,0
858c5992-882c-4812-b3c3-c4289338e35d,0
ee265c95-90f1-47ee-960a-5654b2403468,0
700ea842-f334-485d-b6ad-478c3e06f427,1
3cd68ac3-5665-4d0b-8ac2-9f1dc72c3764,1
d6b9bf52-ece0-4105-9500-99df929b958d,1
73e7f042-516c-4b0a-9385-3918bc4015fa,1
e4dc4306-8b20-4e3e-82b7-c0488d3543be,0
4ccb2355-39d1-47ff-b27e-1442fd7fe973,0
45d07382-28cb-47ca-b3b5-a667097913a0,1
478fcedd-7134-4dec-89f6-53a97324c2bb,0
2c1fd0db-689a-4f90-a550-0af12777a40b,0
09a0a0f6-73b0-4091-b634-c1694f76e388,0
fa7cf893-24f2-45fc-a4d2-48572d7e085d,1
4052e3a5-66fd-4215-aa10-7fb733383ec9,0
305c5d6f-0997-4b9a-9fdb-482df69d1805,0
ce177b4e-0837-48a3-9261-a7ab3aa2e4f9,0
92502e59-13f0-4822-9374-8a1145712959,0
5fd2bec3-6536-4c77-b87f-b57839e1609d,0
49793220-d14b-4771-9ff0-287a4d334878,1
3d8925a9-25d2-47d0-b665-87075d411ac5,0
bdf66ba5-dc9c-46de-a5a6-74c212738a23,1
4767d76c-162f-4a24-af43-613cd4aac9a3,0
3fab0c74-bbbb-4ccc-8d8e-352b37328d15,0
855c0a97-9640-4fcd-bf76-14495cf85eeb,1
11e12ee9-f664-42b9-b8d8-061976538a69,0
7c193e6f-496c-403a-86fd-01e69fd33d40,1
350c559f-09ea-4c35-9f65-206e83a17fac,1
699fdb02-bcdd-4b48-bcb3-c9fa191abb3d,0
0d557b61-8a17-4dfe-bfc0-0dc804f64d86,1
83b5ad03-c4bd-43eb-a7cc-427447808b87,1
c69e17c9-6018-4b17-bec5-715ca71db3a6,1
63bb48b6-7311-41a7-9122-06a244190e59,1
1966d047-db64-4c52-a7e7-eec3ecd5afa3,1
cc1b4157-ec9f-4c54-9e0a-72ab7f5db163,0
8e416029-58b4-4e1d-9e13-87b03f12cf6c,1
6bd1f826-e6c2-4bb7-83c7-4cbe916baf87,1
68e438e0-5a57-4306-b0dc-80e80aee5a68,1
cb68a34e-ca1f-4ff2-a823-442c9a87e357,0
0a813e88-0df3-4a58-be83-3c05cd21fb86,1
40b374f8-8c1a-42c7-9fa3-ed1f61584f88,1
cb6ad0c7-a235-4dd4-9355-08d073b5bad5,1
aca58d95-915a-4c30-8b86-b5a1ca6fbff8,1
5a0fdf61-5571-4266-96c0-2601db4d2d18,0
4a7d6fa1-1d9d-4b86-8253-fb27393aa0a9,1
1b332e43-a4b1-4f6a-9d2c-e51b37e82d71,0
cbbd3732-42a1-4429-9b05-0a6c235d2722,1
32a807cc-2c47-4336-8006-1add316c00bc,0
15f0e5ea-4b0a-4742-946e-6a4f2a873e02,0
f2fb122f-7e34-4e79-bc25-d3bd88a72da1,0
26daf6d1-71c3-46be-9297-cb6658ab766f,0
b540b30e-039f-4a25-8d61-68bd2defe193,1
c6ac1b04-dd1d-4cd1-811f-6bf5379ef467,1
3964afe6-9e6e-47d7-876f-3b07a2ec377a,0
351d1137-d518-4b72-b0ac-cfda7f055b10,0
fc3b8f4d-fe42-4b8f-8e5a-ef220f988297,1
34da1f50-b1a7-4e09-861a-1396716728ee,0
a590fd3c-ad6e-4c57-a520-c3d0fbcdbf5e,1
634ee115-5c81-4bad-8bb3-4c1425818b22,1
84e3b774-569a-4ef0-9f86-5633ab7aeb66,1
02bbc915-9fc9-453a-ad32-1036fa6e8103,0
3ea426b8-3f7b-46ec-85df-f8e291136499,1
01c4e229-7cc7-4b17-a9c1-84ce1fb426c0,0
450ab36d-f9be-47f3-9bcc-90fca1cc22d8,1
4083dcf3-91db-4fbc-86ad-dbe7b807c910,1
f5260cb1-29bd-44d4-b7bb-24ab7447b052,0
bf8e8bfa-a0c9-4a72-b68a-cd40b8f14e3c,0
59b0d399-8dd9-4f68-b611-7bbd0c4fde2e,1
60b61367-f46e-4787-abaf-89c7319fa2f7,0
288f3435-c3b5-44db-9387-03c92b29bf36,0
471b0cc7-e233-4597-b129-ed2f25ec77e4,0
696932ac-9349-466a-8588-15b3ed335d5f,0
2ce6f908-cece-45d3-9ea9-09ef7257dcb6,1
37f5c238-6559-4365-bc00-a0f0dcf89878,1
8eb4b40e-b1e6-4f11-946c-4404e2edbb63,1
00ebf725-2f1e-48dc-b4f9-02b74580a4ae,1
b03d3665-5c93-4629-a106-ae3288fb044a,0
f0c3dc02-c4f8-45ce-92ca-910d738cf3da,1
62e38426-06fb-42ac-8342-adc9df09451f,0
27ef0a4b-5fb2-4838-af73-b3cf331e91f2,0
82095583-e03f-4c17-8c65-037491e22c1e,1
85319f0f-ba53-4122-b4b7-96204a73b0bf,0
b73f6e64-378d-4f8d-8761-f9da039479c1,1
bb23e712-bfd9-4996-ae5b-6379213fa67b,1
97da64cb-8373-4f49-a8e7-ebe3cb05aa14,0
c6e79a7b-f712-4813-8e01-009d8d59b363,1
9255273f-ed09-40f7-9217-4fb08e6b3085,1
f20d3aea-a998-43ee-a2a1-12b53a880cec,1
ad411244-ff79-40f4-af64-257283d7cafc,1
dc247a02-286c-43e0-82b5-166d0f3cc54f,1
9d091856-4b3d-4578-8c69-a8cae32ffec3,1
44087701-aa66-40ed-af0b-5b2b97514f49,1
9012d2f8-c3dc-43a9-9f42-feab979f5b27,0
dfed2c43-e256-46dc-8f54-86b7c7b5b2bc,0
695e5ea9-c923-4c64-8006-2b5bf67839b2,1
f2f5b176-2c41-4bd3-b2f4-44abc1d71f4a,0
18b475b1-c12a-44f4-82a1-3629aae6f1a1,0
635a11f2-5c7a-483d-8a9d-2704e860bcb1,1
ad5406bc-7209-4a7b-9975-a56289d56357,1
1c3efda4-689b-4fb2-9a31-7fd79a0278a6,1
5ef1cb5b-37ed-4e1a-b6eb-aef4bcef2c15,1
4dffc9aa-b5bb-4bce-ac15-c4ad57904515,1
b31985d0-a84a-4aee-9636-a89dad0fc0f7,1
e595e3fa-e182-48d2-b681-db3f1cc41c62,0
47378190-96da-4dac-b2ff-5d2a386ecbe0,0
817ed3f4-a9f0-4ec4-a7b1-85f6309b7234,1
567a25f8-5d12-490e-b6a9-0f786370fda9,0
6b52f93c-2321-464e-a20d-4a1f479f6628,1
058b5ee1-a2dd-415a-a570-66e86eaebb60,1
2e0c5488-a76f-4d3c-a252-2f2656ef26a3,0
9b6fbe20-4b3a-4a83-a286-16f4bbf9a04b,0
6cd6b9e1-0765-4c22-9bcd-e988ce25d281,0
d4b6f0f2-3bb9-49b9-bf8c-c66b4423fcd5,1
8d7da747-d48d-4f9a-8be1-a297a8222853,0
31a9b14c-7f49-40d9-9cc8-1f380c71aae2,0
ea8104ad-75e2-42fa-aad7-34531d2cec89,0
4926ce5f-7878-4140-ac2a-4f71a77d95f1,1
11092f7a-00d6-4c63-a4a0-f44bfbdebeb5,1
044251db-d0d4-4a67-b992-8faa4cbf131d,1
8897c497-0bad-4234-b953-70c02bcdce43,0
77ff3c31-c1f3-4837-8d78-3178c935a278,1
c07126f3-9213-4643-9a89-8be79e49b057,1
3a08daae-b70e-4920-8e65-9ebac2ad08d9,0
ac6c2e1b-708d-4094-af64-672f96e1a522,1
988c24c9-61b1-4d22-a280-1c4510435a10,1
77ec2100-ec28-417a-92ec-c3bd16757d7e,0
8aacb783-d48b-4d0d-be1e-70bc03c61e18,1
c2294116-1152-4a73-91fc-dedd61022b56,0
1ed68b71-3ab8-4c3f-a612-e9e5a26d18f6,1
c4c608eb-14ee-4987-95e7-c6e4413e84bd,1
0247b04d-6361-4032-8b73-633f9e269012,1
e606d7c2-1e18-446d-ae42-1840a05f36c8,0
d8ccacd5-b35c-448c-b193-4d22976611ee,1
29d0c613-b0c7-4002-9956-699065fdaadb,0
1eb74b56-53ff-43a2-8a19-35014169b9fc,1
944bad04-9161-4c6c-9f41-dfcfcdccb9d9,0
ee462fcd-a829-407c-99be-ccff33a315f3,0
b7b8c1a5-9a45-493d-b227-890e4e76833a,1
a3c05d75-b3b6-4eb4-abf0-1ba6ed1d3817,1
f7c8435f-8c83-4c68-a6ac-e59a5e85643c,0
54c3b22e-4c66-4a4d-9a70-ea8ad6881d3e,0
c5c19ddb-917f-4389-a146-02b4eac2e8ad,0
9e9a3e83-9a4e-46fc-b9a0-e72710e29558,1
e5c482ff-5e5a-40c1-92a4-73f94c9e903a,1
702cdd20-2862-48b8-88f4-ef125e9953d2,0
2d914e29-6541-4574-92ea-13b8a575c5c7,0
6f07b60f-9d4e-4b5d-a120-bfba1689e0b8,1
13aae9c8-efb2-48fd-a391-ffdb8794ac7e,0
ca9128fb-c094-4932-92cb-8f692182b518,0
63300ee1-0aaa-4c51-9cd9-7b172f51270f,1
10f3f41f-f202-4876-8c44-3b8c068634e7,1
4c1e172a-15e9-4ee4-8e14-39774d126ab1,1
e70dc8b8-df33-4eb0-a8ff-561f3bc29d89,0
b285d65b-bf6b-4493-961b-53afc601b22f,0
d24289ea-3959-4465-85c5-581054b728fa,1
137ba9ec-f569-4392-8c3a-3ed86e152f71,1
dae13a7f-ff97-49f7-a34b-20fdff7ca58f,0
38c6430f-3b3e-47bd-bae9-6dd3a2209a31,1
b1420898-998a-45a8-b7a7-aed0fb5f5290,0
e2696a73-8b2d-4d83-9b5d-e3c9dbb9c173,0
742f790e-d4be-44e4-a04d-3f5585594d77,0
c53a8da2-2f2f-4254-a22f-3da5dab2a215,1
d66f3fff-a93f-47ec-8ee4-3f7fd7680657,0
eea90156-d5bd-4de2-a751-0ccfd358a5d7,0
319ec58b-4c03-4d16-b8c4-f346e5dd614c,0
7d23d479-9549-4a82-b787-ef8d3495311e,0
0426fcc9-255b-40e2-bdc2-b74b38a56b49,0
f198f62e-5c9d-4ead-aea4-91fccb6b6306,1
143029a9-d88f-4c94-88b7-63d5e519dd7e,1
97feb937-a6d9-47a1-b4ec-fe8d16d1f5ca,0
b99eec19-ac0f-413a-8332-d1b9f42d157f,1
ba236c22-e92a-4b97-91db-1a374204d733,1
b506aa35-cfa8-4cc8-8dab-44287303f483,0
40d1ff56-0c78-4409-b96d-c079a75908f0,0
b3700e92-92f1-4a69-a74f-6635f236b2ee,0
0702c1db-d2ad-4a48-8dfa-c4c9910af69d,0
8f8dd995-1127-4cb2-b472-99b68f0ce422,1
0f6ce9bf-fe7e-4362-8a89-b0f0105291d3,1
372f5f47-999f-4691-b4e4-20bfdb38f306,0
c77444cb-5543-4c3c-b8b8-f24e56ea57b3,1
2ac09858-228c-4659-a4d0-72f80e8db9f5,1
108fd94b-b294-49b6-a53d-ff523e7b8fb1,0
ec19e4eb-3f55-4740-8a2d-36a605804493,0
6bbdb66f-9181-4091-96c6-f45cdc5e4e78,0
89d5e178-cf99-4da3-8f94-2b3ece05a281,1
311f5d4a-c258-4de2-8f26-54892ec75a83,0
fe7b178d-fb0e-4c28-8110-bcfef1aa9ba0,1
67884209-92ca-425a-ade5-93329364f3d0,1
0db1565d-6d70-499e-830b-105742fbacf1,1
c626e38f-716f-4276-be64-ac2af96671a5,1
ecc06aeb-3ab5-41e6-9537-927280f2835e,1
7c8c9267-3c55-4d3a-8ed9-92e01e4415f4,0
0937a982-96f4-4688-b33b-5a5d0a45f604,0
2c33acb9-1a1e-4904-be76-3e5b1c011cb5,0
b7584252-fd9c-4d09-8442-46cfacf14cbe,0
dad2e66e-8da4-4ed1-9423-040dfa4fa66c,0
b9ba04a8-54e0-4a94-8682-ca38fb780253,1
192cc87d-d8c4-498d-98e9-bf3804ae6d5a,1
19848c74-6b51-4da0-ac21-d6c536c7b748,0
d61169a1-ff46-46bf-894d-916deb6d2fed,1
160a56e1-1cd2-4c9f-83ac-0d1b2cb15c02,1
624c69b6-b244-45a7-b7e5-848131c681ec,1
e3a68a70-7e71-4b55-8639-bd418b15bd94,0
b8f0188e-fb37-4fae-8d85-63ca193e638d,1
306542ee-2e51-4870-8191-073f8cfcb112,1
bca88911-97ea-402c-abc6-206b16754427,1
680ac07a-2a93-4d62-bc83-5dc0d9441fa5,0
dca21033-16ec-44b5-8f6a-d43f09536c4a,0
445dcc38-341c-4494-8d36-6dfcc28ebd70,0
263e0670-a1d7-4730-9ec8-bcbbfd610d09,1
439e754c-6930-46ea-a0bd-a1ee5807cf74,1
3aa06694-0610-442d-8024-1ac149d83188,1
4e0d4d6f-f324-44fd-8f13-72bbdb55667b,0
a3a22f35-b9b5-43c7-ab1e-fddc0d888933,0
65ef2c84-c06e-4481-9963-37aa9c4e1662,1
15ac37f0-0de9-4283-96d5-aed275d106f2,1
f6d20b48-7477-4444-8a17-c5acccdf1d3e,0
16107d90-28c2-4491-ac83-995b53f0a378,1
072a5087-67d9-483b-bfdf-c5c0876cacdd,0
0faae5bf-b900-4086-aa21-e1537b2cefe1,0
01a4c2d1-4edf-4a12-b2f2-40e365e1605b,0
5da55873-5e85-4364-a426-f2e5b5eae220,1
89207bc4-8439-4ed9-9a64-845ef49816ad,1
6c878546-7faf-4458-af14-f7775dad348e,0
d52939e5-3be4-4056-a7ea-6db48802bbd2,1
b8d8e96c-ca54-41d7-a2ab-a713e5a79d2f,1
acdcb47b-dcdb-4021-97ea-f79c20ddc8b1,0
f75ef2cf-153d-4754-b086-424afbfbd9f9,1
372f9fb6-041b-4c79-8014-680432de3097,1
7fb8b6c6-1650-4f14-a527-8ea2c80cd031,1
1dde7969-6886-43db-a634-8e784d5c55c7,1
d586ff50-7002-4916-a112-8e82969c8d45,1
f46976af-10be-43e8-9aba-c34bae9802fa,1
ee87905e-4ca4-45ea-8dfa-6a56d12dbc9a,0
a76c11cb-66f2-4d1d-83d6-af3f2c727675,0
d0ef0cd4-5e6e-4398-8ff1-b675e6fb976b,1
4a2f2373-f777-4816-85ef-875e26755363,0
39d2d74a-71a7-4782-9751-af9cf9e6debb,0
c96e517f-e49e-4f6e-ac56-1f785e5a590a,0
e6af993c-700f-4e85-aea7-56a8229ea406,0
45df16b6-382c-443f-bcfc-9b793875394c,1
95c7d0c2-6405-4dd8-9f1d-5ae0d3016d19,0
48ca7651-92f5-4f7b-8323-d342df6a8f93,1
a92f85fe-258f-4afc-81cf-d878000c14a5,0
6ab76840-f5b5-4c71-a3ef-5e69b61d56f5,0
946e8ec2-d342-4e50-8208-62274333240a,0
f5a98c9a-6a71-4ec5-a162-d1b7769ac892,1
398d1ca6-8b68-40b5-9d61-fac36cd5e859,0
2df8d4a8-3fc7-4cb8-aa40-e5cc2cd51392,0
efef1246-16d4-42f7-bb6b-c3b774309740,1
21a44c4a-097c-463b-a1dc-1d581ca88afb,0
20a145c8-8962-41dc-8b67-563a9d7362f2,1
74b565f8-d8cf-4b88-9a37-a5048d2e304b,0
33c25e62-7960-4810-ba37-298924290112,1
6b2d9ccc-6279-403c-a1a2-cfe7810d5c57,0
3a25be44-db98-4cde-be7b-15a3eefdf1cf,1
ee550e96-037c-4932-a5b3-2f0bc91ca763,1
7e99a2c2-aa37-44fb-9997-5545de8e7602,0
54bbbcf8-28fe-4761-8d49-fe3f2ca8f783,1
5a6d86ba-1434-4aeb-a61f-32ead2bcc804,0
f275de56-4e18-4cc7-b3fe-09e708fd4865,0
cc214b4e-f80c-4b1a-9e16-afca8c111ba4,0
cd4f2875-df2d-4f20-85a4-3113101d759e,1
d7825ea3-bbff-46e9-93e7-e89335fab528,1
d37d8533-714a-4ae0-b98e-1f36ffdb3a38,1
47155ad3-8ca0-4d2a-9a93-98e6f487b599,0
5f90bed6-fb25-464d-a30a-a767a2bb522b,1
97c75839-1dd2-4b24-8420-c72d8fb8b736,0
9793b9b4-1374-4146-b2c5-bd89b70b3420,1
6b15c11b-b113-450b-9ea0-50c6eb9ed274,0
7796048f-b4b9-4b73-a9de-bccc429e09bd,0
5037e669-8a3a-4129-a9d8-4c4f6ed338be,1
78202426-3134-4ab8-b9e8-d78149bb1313,0
c01f36bf-3e6d-458b-b367-c28de1b294de,1
bb7b6c05-2852-4ca2-b9d2-014a22ee7f07,0
7ecb002e-73d3-428c-9916-79d3d24025ea,0
7a3a6e96-23ff-43d3-bb4f-b88a2f4dd219,1
189ac35d-aa5f-49ca-9bea-530d219c00cb,1
2bb2c51f-7023-4aca-9ee6-fdea9534ee94,1
bbd0fe6c-6108-4fcc-8186-722ba355ad05,1
732af4e8-e9d1-4994-9553-8cc94444a6bd,0
7394988f-847f-49b4-a64d-1bcb702753a1,0
61cb0527-72e5-4892-8c1c-7204ed5e749b,0
2bc2bdd4-d736-490c-a8ae-5c671598203e,1
fa1d8ded-7dc8-47a2-adda-a3b60ab84fe2,1
17172654-3b99-4815-8219-a9c7ba23b07a,1
c972d38d-3ee2-411c-afd2-908feea163a7,1
a8835c66-1eca-40c0-84c7-2b2ae598e5c2,1
a81d0ecf-c27f-469e-bebe-a834bfffd800,1
f9da4f55-bef9-4394-928f-af652f068e12,1
a333639f-3873-44c1-9e4c-e90bbadfbb75,0
f79f8fa9-bd8c-4f4f-8fe2-75b124e72383,1
2e2f2127-babf-4375-b17f-b7867d929cc0,0
8e969227-72e7-4b51-ae54-ac6d2ff8e87e,0
e16c77ac-e69b-425c-a8e9-772b8fd7dced,1
9770d013-b080-4995-bea7-ccb8b0ad194d,0
a6846099-f729-4951-8591-31d2bbda0242,0
ec1b55dd-e829-46cf-ba81-d86090b3032d,0
7ea5a387-363b-45cb-9329-37246dfd171a,0
d85195ac-d3aa-4b27-90f3-2ab5df586eff,1
ec2c4f79-d249-48d2-800d-f7649d46ea9a,0
57b936b0-3346-4332-be0a-824e232a5e82,1
52f2978f-486c-480b-a4c4-582908d73827,1
1dbd3a83-176a-4eb8-8f1a-befdf2e3fdc9,0
ceefd2c9-7e2b-43ce-adf9-8b8d8ddd6a3e,1
c9f279a8-138c-437a-8c76-864ab61831c5,0
8c2aa0b1-8982-4bf8-a4e2-89c098be5ff0,1
baedb7ab-965e-45d5-8735-93d177329dc5,0
d66de2a1-2776-44d0-925c-7d37ef16d03b,1
f5c9f459-9db1-4d5e-91a4-d796b9720eec,0
9dd2f9de-fd98-4e33-a498-abe92999bbef,0
e97c0337-28f6-4012-aba5-a631cb776246,0
2c20fb0e-e632-4f0a-bac6-885994f6614e,1
e60584a2-08f5-48e7-853b-cc3a4c26fd27,1
4bde7d88-3867-462d-9a3b-ce8e4dac49f6,0
4b4ef503-f872-4413-97c5-982cf6ae10e8,1
8603156a-15ea-4bcf-ab10-21ceaa143cd8,1
1dd03ecd-0595-49a3-ac00-46f07957595f,1
e09dd9e8-4348-4887-b339-3f5d8185716a,0
b381e8b0-38ca-4da7-81f0-98fca45ccc55,1
e95e8740-5dd9-4744-84e5-27ea3a82b37c,0
1a8a76f3-6949-4fce-aeb8-1b7d9dc33d41,1
1e50661f-2fce-40ae-9b06-fec229071205,0
17841919-3c29-49ed-b6bf-1f51f0abe316,1
3334cd07-e6b3-4561-966d-273534952c00,0
2598bc54-eba2-467c-9c43-3e67871d5bfc,0
f8642165-298a-4a60-afac-4e8cf6c94743,1
f5d8fb91-ee60-41ac-add0-622e266bf2ea,0
7951d52b-21cc-4ba7-ae85-4c728a9b7b20,1
a6e997ae-d909-4489-b229-29b66f246189,1
f3fac150-7429-4f81-83a2-15ffa660604f,1
1a9e82f5-0228-4e49-a4c4-e73c4c46bad8,1
fe389c35-e28c-459c-8124-14079870fafa,1
4a25cec8-c3fa-463d-829f-8b3904edf187,0
7bdd42e3-26e8-4cb6-abb7-e6cc067b30d1,1
fe12ace5-09f0-4f24-a28f-553768a64d97,0
8c357321-4abf-4f5c-8cc7-147ff6e5203c,1
082bbc6f-b8bf-4903-9e15-00621ef70629,1
638644e0-7d3e-4830-bd0d-5c8f97cb4585,1
01a0960b-ba89-434b-b224-7627c1e0248e,0
b717548d-5f57-4d27-8419-99b615d1e2f8,1
4344c269-7a3d-4b8e-b071-878cb795c127,0
d91e7e1a-6e48-4e95-a228-23f82a46cb32,1
8fca9026-a738-40e8-9f3d-0200c5acf275,0
3b7f1998-1eed-4236-ad89-9035f05d45c7,0
f0b0e729-6ce3-4d67-ad30-c94b4111e681,0
bf96abad-e60d-4941-bfc6-8e1450b034fd,1
9a11ddf4-be1a-45c9-a12a-c11c21677dca,0
bd350d2a-7a0c-456d-9f43-25f4b3521505,1
bdb025ff-2451-45a4-91d0-59b26699cd99,0
f12d0664-dd65-4951-b52a-a2af2b5457b7,0
2a7cf9e9-d7a7-47b1-88c6-2063a06303ca,0
bd32ebda-b61e-4c80-b302-225ec930c9f3,0
d96da200-d947-472a-9c61-3985596ed71c,0
8d0df6f6-0c37-4b80-918b-8e184ba4af25,1
bbaa574f-e0e3-45ce-84af-ecb79f2ebefc,1
ccf3a171-56dc-4907-ba6c-34ab6712303a,1
f540838e-1333-4679-9b5c-4b589c425665,1
c44b04e8-f51e-4df3-86c3-998e8f14aac7,1
a2ded1de-c302-40d5-a214-5243f5d23fc6,1
2978ad8f-0cc0-423f-a221-6ec62e5a7731,0
c31db215-d7d0-4c99-a45a-e8eec8c6a8b1,1
025ec446-663f-430d-ab0b-b4578c0dc409,1
80fa3363-7497-47d9-8346-93d1ca67d562,0
855fecc6-f9d7-4979-9767-a6da231b0c86,1
65787d0c-1aec-4b70-ac0e-73077ddcaaf6,1
92a0c677-b700-43c5-90a9-0840c8e7f2f6,0
0144fe67-8df5-49a0-a577-e1b64dd35982,0
67213a70-17d5-4f59-84d5-98f7e14fe093,1
217c82b1-c884-4ac6-a19a-4805e03a0ab6,1
2aed0848-639a-451f-97e5-d468f1ed1e4a,0
2bd6f0fb-ee3c-4687-b704-eced5b9df42d,0
c07ec4c4-b6b4-4aa5-b9c4-2eed297f8f1e,0
5ba62f73-e9c4-4f0d-afe6-8a5219a7361b,0
822c4d32-6c64-4c15-aba3-01cba561e1e9,1
4b7a123e-338a-4a2d-be1c-fa1495d16384,0
224a94a5-763a-4eaa-b340-fa855b2955f1,0
99966612-9ea8-4552-8475-66bf8f660bbd,1
9bc27450-a3a9-4472-b002-0f5e8a5acb4d,0
6f6afbe1-6dec-4f06-bc45-0b7c7f6d19a8,1
e44cbd41-ce36-492a-98e9-d0aac1b6edd4,1
93de2da0-40ff-4822-9d8d-074742d361aa,0
5fffe8e6-7f38-4ce2-8f40-7865a5c11300,1
f3025d16-1eca-4ae9-a5bf-213d9eca381b,1
852393d7-9a5d-476e-a02b-a25601dbeb73,1
1b2765f6-f383-44f7-addc-ac0a97206c66,0
517e71e0-47e5-4f56-8e96-551aeeba6ad9,0
12a1fe7d-dfa5-4722-8a1f-c9df9a591974,1
e156df17-22b6-495e-8a14-b309c173d1d9,0
e6defc16-ea6d-4cb6-a245-65d450026d68,0
712636bb-a455-4a22-87d0-2e2ce4406398,1
a5b8f158-f64c-41bf-b774-6c098669ba60,1
74300ccc-03fd-4d08-8b73-361fccbeb6db,1
bb02e930-e426-4ae1-859b-7de8d09d1263,1
4bed523c-085f-44d1-87ea-651b5539562b,0
16251089-f340-46f1-b3be-8942e24f908a,1
f387e1bd-2d59-42c6-934a-5a2fa7cf705c,1
d8a9e06f-3646-4544-a15d-8b1eec8c93eb,0
c9e55c47-a237-48c1-a1f6-dfbe114b3c79,0
1ccd3552-b1e0-49ad-bf80-b3f8b3ebc460,1
f7f3dc54-27a0-4911-afd2-9b721c13a1e7,0
75566ff1-b91a-4e28-a1e6-8d3577c8c297,1
5ab33edf-6e59-4ed3-a8b3-17fa18d0752b,0
a93dbf91-66bb-4d3c-acad-002a62a765d3,1
e9382f35-8210-4862-969c-15b2224f6444,0
fff446b9-bb46-4c13-b28a-030b532da8fe,1
3fe604f4-2867-4d3b-9c5f-3cba150d28eb,0
5a0d4f8c-3030-4e86-a288-e5da4d8ddd2d,0
0ad7d77c-9bf4-4cc6-af1f-be1687324f52,0
a01ed90e-6d71-48e9-b05a-501c11310c8b,0
16a3ce4e-ca5c-4c4a-a79b-d4394236fb0e,0
907276ea-44c0-4a9a-964a-cb1f39eb038a,0
aaaa7602-2886-415f-b9f4-fbcd6f41bc23,0
339b77a8-4b1f-4d7b-8977-c513752a7d25,0
d72b6108-2a40-4f12-b963-f37f67814c1f,1
3b41c943-ebd8-43b1-8b3d-0c3617d09810,1
4998ef25-e794-40ee-8a5e-d28785a63296,1
8bab9c9c-c026-4d51-a5c5-bce0dffbdc2d,1
c3155e4b-b51b-4a05-ac4c-89cd6f4b3d1a,0
07e3c39a-a925-4745-9276-9c9665262474,1
2b10a823-d777-4933-adf0-1fe06d572692,0
d7b73862-b347-41d4-98c6-b1c674d082c5,1
db9a0eb7-b48c-431b-8eeb-87ffc064f074,1
68fd1179-75d9-4768-b5ca-07f4b34d8b83,0
1f20c257-ed34-4e32-8126-fa8fbddfd7eb,1
85915047-e6a5-47d0-a3c8-1fb94be730a1,0
36d0bb41-7a8e-45a9-ba70-425b7989d78e,0
183f36db-54be-47e0-b566-639489a8c57d,1
b0f1d209-7943-4f6f-9a55-4d255d144588,0
55cf37ba-e989-45f2-abbf-1e35c4acb57d,1
61650f34-465f-496b-b3b6-b1439d96d6dd,1
fe07832a-badc-4599-9f7f-ae0c7ba79d05,1
1d0bc9bd-e9b5-45cf-9766-5cdafe049059,0
e8b81813-e672-4bf5-8110-783e3dd6831b,0
295c1b59-3807-4a8e-be3b-eb35e1ebef9c,0
6c3912ef-b9fc-429f-8dcf-2615c62f3461,0
a5eea4a2-2cde-431f-9dce-8d9b5d96120d,1
79c9c839-c8ef-4377-a368-84f588ddd880,1
4823debe-ccad-492e-93dc-4faed3a71b83,0
f2fda085-091f-43f3-a046-d4d3e0a8a8af,1
e26e750f-c27d-4696-bc44-35083a9321f7,1
f7347784-a049-4164-952f-6d1127ff97ca,0
4d560a3d-f4e7-469a-a454-09374a27ebf2,1
ae1c64c6-9efd-49e9-a1dd-2f7f00c976e5,1
31a3ac4d-828c-47e7-87d5-b7be1d30d990,1
05e3d107-1d0f-4e16-a554-674f8240252d,1
585409d9-de22-4c3f-9136-6db15a578607,0
7108022a-12a8-4ff7-bffb-bc83d8c80184,1
f001e73c-f5eb-47f9-8f52-3f8a905cbe00,1
d0a44432-9cd6-4852-b14c-7df4e4347d51,0
bb21d347-fd3c-402a-a1e3-eda6bc106ec9,1
f065c817-687a-4850-9d9b-62317d45d8ef,1
89b5aab0-c121-49db-af12-b150605fb1eb,1
d4961e60-2daf-43de-84cc-98eb803f8f00,1
7d283421-243f-45fe-bc47-16ad0970d09d,1
6399c513-ae96-4e3e-b1f7-a87cf1430eea,0
44f4d74f-c629-4ca6-ad07-67746bc5bcd4,1
345ec501-df85-4192-921c-922affa2df47,0
bf3b1681-0e4d-464e-b97e-8bfbd3ec2149,1
08651a6e-1b99-4b83-b244-0f070ae263e0,1
8d72441d-0709-4bf8-ad3f-9e041b14a2aa,1
5450c61f-10e2-4676-a822-d1288c61e59f,1
ed441085-5024-46c6-ba53-de538375e8f9,0
88f47eed-6990-4abf-b792-be4734783752,1
1836a027-2050-4d45-8b16-f0a7f6fa16a1,1
a03e7003-e29c-4897-9429-25a0768e212d,0
92ee4820-1327-4db9-abdd-439adc233c06,1
89f515e0-8e1a-4d7d-9525-89b9de1bad90,1
fcea545a-c066-48e4-b013-b8e468729600,0
9e876040-4c2b-424c-8446-a29ac6c753a3,0
1b2b5f8b-a27e-4970-8452-ba518223c495,1
9a7db4b4-ed91-4b55-91c3-3f136540ecd1,0
7e63f654-53ff-4f1f-950e-33880a6552a5,1
011c4544-7fb3-4be5-b6bf-2f7222778161,1
d5828d59-e1ce-459e-af10-2145227b0512,0
31ab0158-2cf6-473b-9500-c14707743c94,0
1ccec1ef-16ef-4cdf-9375-ee61ec94503e,0
51cbf9e5-fb7d-4ba1-98c8-8c483ced4d1f,0
c1eecd7a-2428-485a-861d-e0171ee92d3b,1
dc3f42e0-fcf7-4842-9edf-3bfad12e0eb5,0
3b45d977-c289-4a30-92db-575a79f633e8,0
2eeaf8b3-f3e5-418a-ab0d-bf1175770452,1
f1f58294-a66c-43f2-87f2-b5814809c026,1
0eca3630-7342-44e1-a957-a9dd5258e6d8,1
05a95733-2bdd-4419-beec-0074f4028e77,1
84aeffbe-ae1f-4957-9f28-e41746273272,1
517fd316-20e5-4866-a338-0b421887fa69,0
bfee7aef-6a60-4a4b-96b6-b8cca6124e53,1
a13a9da2-94e7-4b2a-b434-02ef44cfa6ba,1
7b53359e-1bac-4d0d-af35-b30b4c68eb17,0
fa4f169a-9de9-494d-b71d-2e0faf09c66e,1
aa8fb624-4f2f-4eb3-98dd-0b26fc0ea898,1
e282338d-27ae-400a-86c2-e2be83b5c73d,0
ae3dc742-bef8-404b-bbcf-57d745f84c5d,0
65339cf0-7ce4-470e-b2b7-3d808f2e08d3,0
5c798b20-da7a-4b4f-b50b-1168505fc360,1
d51878a7-c962-4855-9f4e-f5d61b1a5a06,0
2899e850-dd32-4854-b3f2-33b742d4f31c,0
fc0221b4-95eb-4914-aac9-8c18f63e7ed4,0
86451dda-fbe2-4c49-b5fa-d47f9f0590b5,0
4d71c366-b41b-4143-8b10-550cd5704f32,0
6a5e6920-bf5a-47e6-93a3-dd5a4b8c5bdc,1
2541f181-f29e-425b-bed0-4e680d250730,0
949077c2-7674-456f-a26d-719d81cf3252,0
02f38593-5fcf-460e-b71f-e000884831ce,0
fb924354-f34d-4b13-a065-f5cf25c978b5,1
5492112f-259d-437f-bf8a-16b8919a5591,0
03edd1f8-74f9-4d17-a912-b4bf86a4bae4,1
75dacbbe-09a9-461a-9823-3383279b637c,0
ee4205ee-a52f-43ec-ab4e-2281b184d1fc,0
ec1a86d3-5683-4783-9575-9337549c9eb9,1
7a89cbeb-b807-478a-b788-f5d1ffe575f6,0
dc29aca7-2061-4cdd-a146-de313a6b65aa,0
e6bd4bbc-e3a0-4a3c-8c44-d60f8efe59c3,1
889cd33d-299f-4f30-b9b8-1e658a34b26b,1
eade7b17-b0d0-40bd-8dff-01baf0db6ecb,0
ac5e1ec3-e1be-4ed9-b483-518e458fa881,1
b26f8bb2-3178-4dbb-9f7f-acac0814b225,1
f0e67cd5-faae-4f71-8be2-39725d2db4f9,0
2ad3136f-a338-47fa-b9db-138870aff6eb,0
3a3c8a71-ff57-4e2b-8991-ab9bebc2026f,0
15661feb-05c5-4f8d-b21a-6c3f47263c24,0
dfb44eef-7038-4338-8c2d-189b2422262e,1
5a6d4596-3580-47d6-bece-ff5e917f61b3,1
9f999133-6e11-4dc4-bc37-531544bd8fcd,1
c88a618e-fed4-457d-bb02-6576f512c4c3,1
1cf85164-113b-476e-908c-e31e7a7a852e,1
933c8d00-8680-4a0b-8279-1490510564f9,1
7453c9c3-8ebc-42b1-b866-5e813ff1254b,1
b71a72c1-582c-497f-8eb4-762ed32b3c0d,0
a70a409d-ac50-4260-b0f2-4933d544c79b,0
2e7cdb3f-4404-47f9-9e60-ba33fcbfa2ca,1
d6d7b3b8-3309-4d35-bf4d-f561f319c125,1
7606fa34-51d6-4f11-a569-3e130efa8993,0
4f848c31-7954-4f2d-a819-d4b9b1a6aed3,1
cbb18c79-1036-408d-99a0-90075bb47c18,0
1f7e09de-b799-48b6-8095-fa69db07a2a9,0
d73d52ba-ca17-41d0-97c7-68d6114a9827,0
ff0614bb-b85a-44cd-bf2b-f0e4ed55169f,0
eabd37da-c357-4620-be24-5711b4cb1a42,0
ec814510-c42e-4fc8-9372-e80dee892190,1
9ca3fbb3-ff11-48ba-b6ee-1640723ef466,1
ff1b654d-6c65-459d-a2ef-1e217fb32568,0
db9eb2e6-18f4-46dd-9071-ce940ff48fe8,0
c1472ff2-2ad4-4bba-80ce-350586780a98,0
f2203acf-8eed-4d34-b384-3346945f4281,0
f64f98b4-4237-45ff-bbb8-90dea025e80b,1
54da1012-5a3c-49e0-9158-6f467abdcb0f,1
2b24ef63-f6f3-4192-b2da-dc219b7cd539,0
64ff3d41-eb4b-4bd8-af49-056a9f5f4623,1
3fd8027f-e755-4655-9916-2e44b0a17621,0
5e6fea07-c453-4f1d-8199-2fdfb31022f0,1
14420114-dfe7-44a4-b225-70ff20baeb3f,0
559a8f54-c559-4d0f-abff-c53f0e50f355,0
ab6b3f08-a9a0-44ef-ac4f-54163c749c16,1
d25ad576-ef0b-443e-bee0-47627168bdec,1
b576255e-9854-4f22-a102-f9c964575bc4,0
6f6335bf-6ecf-4ab4-bfc7-6f6ab9465130,1
9c89d374-c664-45a7-8077-3e33690e7e62,0
fe4cefed-6f55-4c9e-9b00-0f9f16e500e5,0
157470f1-be01-4fe7-ab09-ea4293e4d5f7,1
83d04bac-21e3-4238-92b1-178bfd6c47e3,0
4ef8a787-34c5-4d5b-a5f5-ed6fc5e2cdcc,1
9740b212-2d52-45f4-8a0e-c018b29769b2,0
480a202f-1cde-4b69-b8fb-04f3cbbc04a3,0
cdbe6de6-1c74-4dfd-a431-6e6c800e1610,0
6cb9b655-f704-4d14-b235-161506beab4a,0
4d7e6eeb-04eb-4694-92da-e5a7bc11733c,1
88efe82b-1f3e-4a66-af6c-6f61cfefa2a2,1
310c0c00-3fa7-4104-9bf9-0e27dc96925e,1
adc90caa-7000-493b-bdb8-ed7140a3823b,0
e489149f-6e5c-4ae7-be52-c22ca2070bf3,1
0273be68-e6c5-4969-8118-71cf79fdcd33,1
ab45eaf0-7ad3-4e2a-8413-ffc7173a0c96,1
b1b8106d-e27e-4a13-822b-2e42cc1e713d,0
42803aa0-55ac-4d06-be9d-a9517329af6e,1
d73cad84-5fd9-4dfe-8a5e-df3827439b53,0
4242fc5c-866b-429a-b877-e049b52f5e0d,1
6c905f13-ba7e-4b51-9892-e71aab87aea4,1
8eb232b8-54b5-4b05-af67-8fc82308961b,0
47020de0-bc64-47e9-b16e-c0b6e3d9de7f,0
b12b6680-7f07-4cb9-afd3-40c0f945f2fd,1
f1224f43-c527-4f35-adc5-60443016b62b,1
ba05dd0f-a966-4a5a-aecf-1ed21861c9f3,1
62e32fa7-f4cd-4362-834a-184284d8ec6a,0
d4f76322-b362-40d2-a498-8bdecd0254db,1
97d20300-97f3-4baf-81fe-1d86e545fcc6,0
c8a6a005-2463-463c-a493-16b4ca8c5366,1
f65a5aa3-6314-4fcc-88b6-b9a29b5358d4,1
57cad887-b916-4c61-a2d0-0779724d3c00,0
793daf5a-b35c-4601-817a-f0cb07f2422d,1
d0725b5c-a281-4044-af96-288295d82980,1
43651cb8-329d-4f9e-b964-8a0f2d0490a7,0
e61c4368-72f1-4318-ac4e-77f738da98b0,1
8bab4c1b-904a-4134-8902-8dd7a0d763f0,0
3fa83ff8-dba4-444b-8892-80fd22bf52d3,0
a55fa725-bcb3-4168-b706-2cfa29cc0789,0
132fdba1-f106-4955-8265-3ccf06ec3c00,0
5639117a-1e78-4a02-8b1b-bb3ab6448d24,1
b6da99cd-d14b-456c-a7db-09431a59c3eb,1
b86d066b-1ba8-47c6-897a-24ad41b455b8,1
7d4ed26e-dcd5-4fae-abb3-16a743299780,1
0df1172a-46f2-4f38-ac45-1540ae2356f3,1
e5b23a6d-00c9-478e-93f8-b32d48e23143,0
d220f704-0da1-44c5-b0ca-6f70cb3ffc4f,1
a18af1fd-615a-4341-9d06-5ae84358ce3f,0
cdba8621-da62-4307-9753-ba9908087cc4,0
5513b74f-4ffc-4c54-9b0a-31ea9dc6d783,0
6d3e4848-54d7-4728-99e3-05e54a5039e6,1
0b90b03d-1c00-4895-b8fa-3b843f5cd7ed,0
beb79919-3f22-4af8-a3be-d01d43cf2fde,1
c4bd338e-17d7-4fc0-892c-d030ee757637,1
97f971d5-94f8-4e6c-8416-c07cb6a787b1,1
5e09a9ee-af88-4dec-bb1e-143b196f4dfa,0
0b398e89-f842-4163-9455-5290017c75c5,1
bab2b77d-fa74-4cc8-a43a-fb7ac40d4874,0
a3422e50-9e2a-4324-8f79-a8a75f8a14bd,0
2da6b974-47ad-41dd-b768-b54abb0c686a,0
3de54ee2-a655-496c-a528-d32da60c2bed,0
ac49b6e2-27a4-474d-be02-99f6448e8117,1
8d87b7be-271d-40f1-8985-c98d985defc4,0
f75efed8-2d6b-4953-8fea-d84ec98cfd48,0
008ffab9-38c4-4b38-a8ae-57b9c262cad0,0
a34b6cf6-2053-4a42-b1af-db65b289f224,0
09b2eae6-54eb-4c91-b784-ae08758fc8fa,1
170d7507-05ee-41d4-bf53-a88e4efc8248,1
e1b33498-8974-4baf-9928-3cfc76da7bc3,1
147eeb2d-5a39-44e8-95e7-7e009eb01a8e,0
960a035c-0786-4459-8f89-321cff4ca29e,0
181af69a-16cf-4211-94f0-327b1e978ef7,1
043486c3-a64d-4c1d-96f2-83191a936d0c,1
c4ddfe54-917c-4f11-b81e-d083929614b5,0
3754c5ec-60a7-4c20-99d7-6c9c2a8598d1,1
84f16d9d-af8f-4cf0-851a-9ec71cdde8ca,0
4635d22a-7be4-4393-a4b5-83300b1378a1,0
5074ac13-fc0f-44cd-82eb-baa21ce370ed,0
9c4cc0fd-fee4-4434-9d2b-11d0e976d79f,0
e39eb7c2-6ac9-4528-a5f7-01fee493998a,1
018af2d2-427c-4d5f-bc3d-bcd8c7050c5b,0
a1ae96a0-c1df-4a89-acba-0cb1fdb99dc1,0
99ef827f-d3d4-4dd3-a05a-34f5d0126e91,1
e6233aa1-9778-4819-ae9a-fb6be6a24a40,0
33bcb8a9-c71d-4564-8992-b886c8f216c1,1
33c00b7d-61f8-43f4-81ae-35bb2faa49dd,0
bf337a15-1e08-4f20-bdd1-51b0f64ab6ec,0
0daba507-1fc7-437c-b94e-b6f89d506e83,0
8a60b332-99fb-48a9-8d2d-ba723b06dd82,0
c49b9178-43a2-49e4-b981-f289185c39ed,0
4c66d04f-64b1-4c49-8c0c-f61e9cc10bd8,1
dedcc2ff-53d4-4caf-91bb-797af464a31f,0
7fc4bd3f-84c0-4bed-9732-bacd8090661f,1
698f3072-05ba-48a1-973f-7fd5dca9b10a,1
411feb55-410c-4e46-8762-fc232c189303,0
96bc3f42-797e-4c89-9bbc-af4503d7f55b,1
8cb21aa2-1715-4c03-ab4f-36381190e515,0
c2f72b1f-b9d4-42d3-8d35-f50cff02bf74,0
f1efa963-2dfc-4b9c-b94f-ebeff96277e5,0
0a349670-be8b-45f3-b7e1-c9a264cc7a90,1
a928a5b2-9185-4abd-8e90-ae4a1fd28b9e,0
06e3f949-8cd3-4c62-8482-9b71ae84b81c,1
6207db63-74e5-4611-ad65-27a15a968960,0
2334fcc4-e022-4de0-ad88-bddae8180064,1
5c56d9bc-5111-431d-a3be-441dbd5a0c9e,1
33f92a87-8372-4123-9ed7-a652de2bfe58,1
6786d506-38ba-4abc-8b53-05e517d2582e,0
180dc855-c55f-4de8-bc3e-1d1975f94230,1
1667b920-926e-4991-aa82-cac85b74c4d1,1
5c098a5c-585d-4d17-9258-14d9638cf9e3,0
b8525de3-e916-4e82-8116-8b7efa9f4841,0
4140752c-aa44-4259-9001-8b7b6d4067f4,0
5fed5cb7-a6e8-4b4f-a5bb-7f3b687bb3ce,0
b9787c4b-09aa-4570-9be9-50c7147d7bfc,0
271e3ee2-b1a6-41f1-a20e-99d33b33f3d8,0
74246baa-2dca-4c82-8660-a3e9736d417c,1
096b9227-27bc-4004-b407-2f12261292e0,0
105dd35c-7d12-4b6b-87b3-d329cfec1804,1
64953d5f-0cb4-4891-988d-f23b3ccff6eb,0
9ad0afdc-e280-4ef0-8b90-1a34a3d6f33a,0
842ca512-f369-4683-96b5-cf7ae0389eb7,0
43b9da13-ec85-4f37-bbc1-a987aff8754d,1
0c858251-10e9-40ff-9857-8862310565b6,1
ee3f0127-d7de-4f4d-b9ec-02ca9e4152f9,1
a40dfea5-bd64-487e-b652-ae9938b5e89a,1
8d9f42bc-b0e0-4156-8ef8-8a52e4cda3b9,1
d4cd45a9-870d-4661-8e1c-0d4db2eb3819,0
9794b389-37c2-4f27-9267-e7e628f5f5c2,1
0f92b3fb-081d-45b6-a224-81801d4ac6f9,1
ddc16c3a-4f9d-4780-a1cf-33a4f6214132,0
6ed47a6d-87c9-4aac-b5d3-4f2f513bb65c,0
afb144b5-624d-4ff7-81c8-d068931e5f89,1
d1e2b878-c576-426d-98ae-0666d066ad21,0
f93e08d5-bea2-4dfe-873f-6e1baf908e3c,0
378e6510-8f10-433e-abe4-2e7db96c1163,0
9267e278-9bd7-49be-a265-eddaea02cc7d,1
ae7cfd14-7577-4730-868d-a4b2f613bda0,1
d20eac17-4e20-4d1a-9983-36e375d66ed4,1
59518620-8769-4e24-9875-589a7d57a51f,0
c4ca0233-4273-4de8-abad-2b997fa8c425,1
e05f8184-c115-4e8e-9586-768274dfb5ce,1
12b2102d-940c-4503-b7c8-6152beed0af9,0
476a3991-aebe-47a2-8521-e25e96fbcb7e,0
e470dab0-e520-4332-a4a5-8bd60a328c88,1
90ebba12-9412-4a0f-9a1d-3dab54c5f266,0
1186da93-da7d-4c53-b020-cf0669b41194,0
8a693650-a9a2-49cd-bb6f-65df1d9d1d80,0
fae91634-3bf8-4406-b89d-2267b7c25d94,1
ee426792-ce2c-46df-8051-01e5a7b85447,1
f2128a48-7a6d-4868-a4d1-2e3b34f5b8eb,1
b99e6f7b-23c0-4eb1-949b-862d1f7b6b19,1
8eec22a4-f966-49c2-9796-b7b190b7f26f,1
82330e6e-b89c-46e9-9d39-b50542696d14,1
477809ce-71f0-4cbe-8b72-8b16d6315151,0
c2cb0bc7-f032-4337-a10d-27dcbf153b90,1
2086ba87-0bf2-498c-a1be-4ca5cadaf90f,0
250d235f-1feb-41e7-bbb1-591b2e832bbe,1
7161c888-32c5-4d76-b70e-bb11affee02e,0
46e1ee40-dc8a-46a7-933c-2ed5a3fe0479,0
38aa76df-db6b-439b-b6dd-9529f704d72f,0
ccbdd15e-e7f0-416e-bf78-bad808c2fd6f,0
899fad03-ebd2-4573-a012-a24e3c168418,1
bed63da0-8033-45c2-9413-d64db962c8a7,1
fdcdd45c-53d3-4d79-b632-090ac22664f4,1
f2ce7eeb-4c56-4b8f-8bb4-32b3d2e76deb,1
9360715f-c3fe-4183-a172-b725db52ca58,1
0a3e4918-6e4f-4ea3-b0ad-16f7db1fb4d4,0
4f67448e-10ec-4b1f-a4a5-c736ae59aa52,1
d094805e-1668-49f8-820f-46424e6cebb2,0
503be788-2d44-4af8-bc94-76b1a18b5d15,0
9780c215-2b2b-48e9-a417-c09380a8a23d,1
592448ee-7ac1-44f9-8472-f9f6ec6494e0,1
0979f5d3-4a70-4330-bfc0-31368de6e6b3,1
3b8879a2-6078-4a69-80f8-95ff23352f7f,0
22ab7752-c4db-4a62-ae13-418d68ab80ea,1
79ea5621-6614-43a7-b6c9-aeb22ae7dc19,0
d52721e7-19bc-443e-bb02-bebb48729a4d,1
46c79b36-fd05-4963-9616-af7e1057a002,1
fae45d7c-a1b1-487e-ba4c-b5590ecc9ff5,0
fa6a2e9f-d86c-4321-88ee-e6b2a5e441cd,0
433fca8a-f72a-4b7a-aa78-b0884c9b9009,0
bb2168c4-a318-4a65-896f-e30824f7e239,0
cf89569d-e550-4736-8780-6e713811b519,1
ae991937-0846-4aa4-bfa4-cfdd01c31adc,0
75c41c37-8eea-487f-9d3c-c9cadb247ea2,1
94ca68d9-4d9e-4c77-8f79-4b765c96703d,1
76949bb0-e7b0-427d-a44b-405aed7cb20d,0
46a3110a-9813-4b31-ad38-9d1f6716d461,1
b46788bd-d38e-43e4-8de1-087bafa14a55,1
d36ec1bd-000b-4f5e-8c91-bd138ea02346,1
b7636ce8-bd71-47cf-b5b7-7e0cba0ca93f,0
8a8a4105-c0eb-4875-b439-67294b8e5509,0
3348eda0-aa57-46e4-a753-297e752f524f,1
39ed0800-3179-49f9-a9ed-e760233408ba,0
e9d6bb7e-361d-4014-b114-56de301c8db3,1
a03c67ff-4f0d-47bc-80c8-b0838faf04ba,0
592cfe25-b858-4203-ba52-b3839aa5bf18,1
665e467f-e1bb-4399-87c4-32a0c3af3d93,0
dca4b19e-5ffd-41cf-bc8e-920df692f963,1
8beb4e78-e683-43a3-bb82-b7963207343e,0
a3922a4e-4f2c-486f-a27b-0edd8d7f9371,1
c62d7b34-ddbd-47b1-8279-c1cc67b80414,0
84e69ef9-a629-4bb2-9352-e5785e13ab9c,1
bd86a1ab-c16f-4ca3-b854-f2ce102c89ba,1
5b69a9a8-f8e9-4d27-9c3d-bae4c1315e84,0
8d5a9549-34f3-4b8e-9891-e25c2418c7fd,0
676e34be-78be-4228-8455-da792a4150de,0
5097ce46-74b0-4243-bb1b-a7235ca9bc53,0
ba2eeeb3-d6aa-4382-a144-6b45af390a9d,1
5487452b-226a-4b48-8428-6ad922e40b50,0
647dc392-9c7e-4575-a37d-dcd698d3148b,1
95866982-f7e8-48a2-821d-f2cfd9fc13b8,1
ed113faf-0e3f-4912-a405-d362719deadd,0
ec50ace4-80a5-4e65-afa2-855967c96204,1
61a66444-e2af-4629-9efb-336e2f546033,1
25dccca2-054e-4210-a3c9-f400ba6c557c,1
06a4093b-49d6-43b1-8593-53fa25e4e633,0
31bf8a3c-5ae5-4068-92ed-9291c3da1521,0
c6435300-68a5-4c68-a32d-bb5e486bb6bf,1
2c2ac34b-9e0b-4b01-b536-59efd873dad9,1
7b142917-9274-46b6-82ff-975452917b6d,0
f55c6af8-c6b4-4036-baca-2a87766afbe7,0
afe1d845-a18a-4249-945a-1de3731dc76f,1
02774ef3-1f4f-4a0f-907f-fc32c78e4415,1
268b84b6-3ec0-4285-8bc4-ec0ec2aef674,1
78dc340b-4051-491c-9ac1-ad6984f612df,0
18deabfe-5172-44f0-a285-f766f9d46d34,1
fe08a540-ef7e-4940-b568-757413caaeb6,0
9bfe970a-2591-4ffa-89cd-33a65f6f83c5,1
5207c6cc-9b5a-4674-8896-54b2ce926059,0
3231dc66-4f9d-4529-9efe-70f7e0cf449e,1
e648d7ae-7830-4c6c-b9eb-17974fb9ef37,0
c5709e30-417b-4634-a3ec-152ce0653245,1
603fea1d-b88c-4cbc-9383-f05717610223,0
d928c011-91fd-4b9d-b19f-da66a986bfc0,0
f9287d26-37c0-487a-aaac-826edd18ab28,1
81db9a62-10a4-47d5-a6b1-7ece85d0cf83,0
eb22ec1d-4df6-4f4f-adf7-92ffe9c7c13a,1
db0f1685-93dd-4e65-8a12-f3d93e98f09d,0
6cc2e20f-c3a0-4289-b88b-a4454e6c2bae,0
e8780458-ab48-406d-ae8a-457fc712cf67,0
96fc734d-a003-4d28-8a8f-3653c9af18f8,0
10e681fd-a127-4663-8db4-daaa831fe884,1
57232faa-b578-4525-af0a-c5d6ee5e1fb5,0
abdce0da-be0b-4ddd-b8f9-500169bd40d8,1
debf96d3-c64a-48bf-b4aa-e84ad5382419,1
d25864f2-25d4-40fc-a154-2765d756ba9c,1
30794bd3-4ba4-48a8-915d-4c4315678e9b,0
a5b40983-3eeb-404a-9df2-372e9e825aae,1
0cb5ee5c-62f5-47c2-8706-fec248fa4e98,1
df823a94-8114-4235-b5b4-aee10836a865,1
2ddecd40-e1de-431a-8dd9-f251abc90bba,0
8ce17e35-651f-4429-8117-1668ad724e2e,1
0a76bd91-9e7f-47a7-b721-5daa5d975cdc,0
bb5452fd-26a3-461b-a21f-56b20c650576,0
c28fcc52-80fe-41cd-9734-aeb43550d3f7,1
3735262d-4184-4b03-84dd-7054144823f7,1
b4d70339-1424-4cfc-93da-35053daaae57,1
5526db8e-922f-4bcf-8501-e79ef1204008,1
6f8ef978-5021-41bd-8458-526b4385a3e3,0
5eb63bc5-e2f1-4e16-95c3-3faefce176a1,1
e2b6a842-d2a8-4922-a518-93471e910b71,0
b37bdb99-31f1-4f8b-ac4d-e885b245b7d9,0
b7a63ca5-b08c-447d-ba74-7c443ebe066c,0
49adb07b-874f-4c5c-9a06-64b93eeb2f03,0
766ecb15-474e-4c19-aef9-12766c006f61,0
8a2db2e6-3bfd-48a6-b05f-ddf566fadca0,1
f14dfb3e-fe3c-4361-a44d-9a28d739a70f,1
940d8bcc-e926-4a56-a95a-e210973cb616,0
a684b83b-1e81-4599-a483-8f5b42a5c37c,1
eb1bb47f-4726-4e7f-8c05-e009397bfdd7,1
cb5475bf-3c31-485d-ae35-0ed7ce955086,1
7ec59e55-1b98-467e-8cc8-8dc68127a367,1
0289a49c-e036-400d-a4fd-da37ce635ae0,1
be3de265-d471-4d86-8d36-645980f6c26c,1
ef3e9770-390a-4185-928d-fb8215ab1a47,0
6307d4d1-21c9-415d-9104-5a16ef15ab72,0
746a18dc-9990-4c0d-b618-1e8e18360f46,1
e4af65aa-08f3-43a9-9398-592b698681df,1
7f151663-189b-4535-83cf-ed3bb32f7256,1
66c64e18-fdce-4d79-bfdf-76ae89293c77,1
b7c12a4c-6f4a-454f-afca-07aef17e4a71,1
bf3f51d5-2557-482c-888c-6ea499f9a338,0
126f28a9-107d-4387-88c2-1370c2a423f2,1
f0a968a6-aea2-449e-bdc2-c940fa26897a,1
7e000029-c47f-4b05-851b-5f38c0697f1d,0
290c4414-8df5-4b01-9c4d-b762ea1af7d2,0
57d52b78-9cf3-437e-b562-037b78aa16ea,0
a46e47a2-b342-4968-8191-086be8a91aba,0
0a199083-d83e-462a-b1ca-680c9a178669,0
e8646e0c-80d4-48b9-af61-5360182047f7,1
cd75e6de-c19d-4186-b3c7-a1a88d15baef,1
3a363b3a-8aa7-4eb9-a3cb-29bd5c1947e1,1
13106665-aec2-4b19-bbc3-98d82d6bc882,1
932df381-39f6-449b-88fb-95d1736d8da9,0
f34bfa59-a525-43e3-a093-97d5d3a1b88a,1
2336d60b-0f57-4d6b-9452-e1309ea8ffe3,1
3f13d74a-5c7f-45ce-bea3-9cb17a4e438d,1
4a90cd0c-24c1-43b9-b7f2-85723defa849,0
f4852088-e97f-4025-a2e1-17986b65450b,0
bbc41107-ec4d-4550-b570-f44d4fc55e4c,0
22460ac9-4a7e-4bc2-9b6f-1c33bbb4c0ce,1
4c6f9a45-8192-4f8f-9fed-7603fadc9704,1
1ecadf24-f0d1-4a72-8b2c-7b1df5418b22,0
0d18ab95-668c-4477-8b95-017c5dae1201,0
d9caa609-ef43-4b80-bc85-630c94517f78,0
b703fa9f-e15c-4c37-a4ab-9bae5aca08f9,0
8dda4ff2-b27b-4bb4-a8c6-90b230a2cee8,0
84d67c4f-f0df-4684-b28e-41225894f7f1,1
d99598fb-9eea-4337-8646-f5c1ea89cc6d,1
5a0ed9b7-5e22-47d4-a74f-232bfb876271,0
18323765-d145-4528-b91b-ad400b022156,0
fb756923-f910-4bb3-b105-32523990e2c9,0
4a229ba5-925f-4cc6-9e9d-2f8a1ef11a27,0
7731b193-e283-4b28-af9e-a625f091f0f9,0
d46a537b-bc0b-45fe-9713-412e8bceda58,0
d06d3943-c8b3-415e-b664-704355c9bf0f,0
4b0dbb41-8d52-48f1-942c-3fe860e7a113,0
f9cc596e-37e7-4948-8903-c8c72e8992cc,1
9ec5405d-c6a9-4598-9d34-0833db592a19,1
38e7e019-fb89-46c8-87ec-fe71d49347fc,1
fcc1c48c-7303-40ca-a992-6bade6335f58,0
7eece88d-a002-452a-b88c-ddde3f2086c2,1
7412b293-4729-4739-a14f-f3d719db3ad0,0
f9a62522-ca83-4709-ba14-675762538cdf,0
3d57ee27-33da-4fc1-8d47-e26d1ef7a52e,1
9b465e04-b4cf-4cd7-b2a1-c14d46a49f8d,1
8eb22579-0cdb-4ca4-b6ec-bdd68498e113,0
8de08fc2-c3e1-4a85-946e-f10411906f50,0
5c70ee97-fca4-4567-8316-d2d6fa4a58ef,0
972a8469-1641-4f82-8b9d-2434e465e150,1
db55daf5-2dd4-450c-86aa-7991dd8cf1ca,0
72557e4e-d408-4cd1-a78e-4df0955ce1d2,0
f3da143e-4962-494f-bc26-09e1375e5c72,1
9aab1efb-0838-4528-a477-e25ae19383a9,1
b64fa54a-8c61-4654-95da-75c1a21150f9,1
e3e32e42-29ac-42f0-a6f6-290a592b4112,1
210f0001-d832-4732-b0f6-99cdb4456f0d,0
79810edf-5b8e-46fd-aa29-ee4cf2db83c8,0
53cbad6c-171d-414d-9de2-2a23e47c666a,0
6772fe9f-999b-4859-8f5e-0f0bcd67b5df,0
47c68688-ecf3-4053-af36-b8cc13087974,1
a189682b-75f4-4056-b817-93a1df10c0ab,0
59e849b6-3a05-47b2-b35a-ffe566c3f832,0
92262ecf-310f-4eb5-8b2c-4e211dce0e8c,0
5111044c-10d6-419e-b52d-b8c8ff5b2d52,0
84add36e-67b3-4154-a67a-e19a3c6736b0,1
e16874df-5639-4a74-a768-b119fd9077b6,1
66979d0f-a7c0-4a59-a0bb-380bc8b7bcd0,0
78bf46fa-2534-4e85-92c0-dec2175194d7,1
4830effe-dd8a-4f0a-9278-f380b3510ddc,0
0e3141ec-5c31-4464-82c2-99f07487d772,1
39c2c1a2-bcc9-445c-bd81-fbc0067ec672,0
e17766b1-82ce-4e0c-903e-eaf204f73882,0
447809c0-b129-4cb7-8b24-8c7e0e4ddb72,0
171a8b65-e272-47ca-bf17-6b5540767e21,0
e88081f9-cd6b-4aa0-8e9f-bfeb9a87e44d,1
d7718c05-b671-41b2-89a0-a9ef513c5c4d,0
a54720e0-88be-4288-87ad-45b104a05d77,0
ebd34616-91b7-4d8e-9301-6989bfbbb17f,1
3e6a41f1-278e-4f60-ba99-bd7654edfb70,0
0534a101-8ddc-4719-81f3-8dd4fd034ada,0
0131ff3b-6221-4670-ba36-e788f71fb9a6,1
9d66e815-5a41-43b3-a95f-176cdebac186,1
744da236-5c7c-4778-874f-054fd2a5d216,0
b506c24d-8fff-49f7-b485-0fcd2f3b2b18,0
6bb73dac-9681-4aed-b5ec-c661d3b4a1d1,1
823c7ef9-cd85-45ce-83a9-c2355ffd4015,1
f28dacb1-2701-46e4-8c35-00bd60df109a,1
397a284f-76a4-479b-bd67-34588f2d0b17,0
0ae4e096-24dc-4ee5-8cc3-78c3ce3200af,1
54b279cd-0c24-4f00-8a4a-07e1234d65cf,0
3e19fc1d-9f6a-4a65-bd54-da044dcd0009,1
47efa886-d5b5-47b0-b92e-dfa1df266424,1
286e3f0a-dedb-4ec4-a2b2-de4b3d5cab0e,1
a68f75ac-7491-4018-adc8-4e80a90bdc3a,0
18f1101e-8450-4864-835c-6c488b5c0140,1
8037b969-7946-4eae-93dc-00ee9203c5d2,1
6f242a0f-2588-41bb-ad32-a7c68b64612c,0
de2bdf8c-a75c-47c0-86f5-8ae67a5c28ca,0
4dbb5559-8c12-46ef-b1fa-b84d80dd8005,1
accc1507-42f8-4fc5-92bc-b64dc59498c5,0
30bdf7be-5149-4675-8573-b517cb508544,0
fbe94499-dbc0-40fd-86fb-7bf300b9d4a3,0
74ed53ce-ef0e-4fd3-b398-39aa7e95b992,1
5d2e7b90-acb6-4e81-a8f6-0796f200a32c,0
797e3984-ded7-43ef-b5e4-a9c12d761ffa,1
e3f342a8-f030-4fd4-be54-898e8eda6433,1
cfab07f4-0022-494c-8dad-77367a272eb3,1
6035d9af-4a68-4bad-9af4-cf72da622059,1
16591c89-21eb-4aa9-9a2b-d69c450f69ee,1
2e3c7679-6dc2-47db-9763-7e6ccd87a06a,0
797d3028-85f1-4c46-b473-bdb490ff3e09,0
15956c42-27c0-4f89-9e3b-f1b34330125c,1
5e065732-03d9-4317-9d7c-24ce85d5bed9,1
9175fc63-51f7-4017-b6a5-fabaa3e53892,0
86351a54-bc54-48c1-bf40-8dcc9db1f7f9,0
53cc6b95-c689-4836-8f73-ab1c860c7b68,0
e33fc52c-4570-43e4-a53c-8f74a5076897,0
fd780916-aa84-4060-870d-eea0bb09e763,1
6c2b5781-c1a9-4ee2-9718-cfde6c4e5a8c,0
c3828725-e1c6-4384-ae20-a0b5acad7c07,0
13abd39b-b92e-4cab-88e5-dd93dad50f42,0
059dd55d-4b94-4e30-b303-f438fe2110d0,1
c9425b82-0c20-4760-814f-5b9f82a54c56,1
2ba17f78-362e-47d4-be4c-943a3dabba61,0
9929afeb-4884-4a14-9575-11addbeae9f8,1
bd76bb2f-f189-4bad-aad8-8bca53cf14e1,1
7397b987-5edd-4492-aac2-33021a3bc8d8,1
f8b03457-ad7b-43c5-b2f0-b15c554047fe,1
0f8a579c-b6db-4b2c-bb5e-2d657ce71cca,0
5987038a-fcd6-418e-ab54-500d4e089bb4,1
4b657bcc-b041-4f19-bbe7-18354e8bf78a,1
00c59f30-d103-4424-8124-1bb4655ce508,0
9fd34579-4667-42ce-a04e-178c10d08d11,1
677a72f6-6e0c-42e9-b817-9896c6b98ce2,1
5c9deee0-b42a-4456-8736-5a84725e134d,0
a8c12f22-78ea-404d-9b6b-09920d2a9d7a,1
54867db3-efaa-4791-b5eb-0106767f5095,1
ea4d7ed8-d04a-402a-a8db-2a2c3d8a0701,1
665ec4dd-222e-4711-af6d-5b4bc356dee2,1
9620bee6-6406-4ace-93a5-e8508950ddd6,1
7845a524-b1f0-4f04-a3e5-7b5027dfc6e0,1
72f0b90d-5c2f-4996-a4ba-aea10cd4ba10,0
9364ecb5-db29-420a-8886-b7c6a4c755b0,0
716fda0a-45a8-4829-94e2-86e5ac8936bc,0
bfb8abb9-a18c-4492-b4e0-079a98fb4727,0
c86aed73-3415-4076-801c-5617a2c3b917,0
6c5540f0-cc9c-441c-8696-99010ddca788,1
c25110f8-7cc9-4b10-b677-fb0609e6614a,0
8b41bcd9-3182-4fde-962f-62e88a0bb8e4,0
c09cb506-48f1-496d-9c4f-fb4671b701aa,1
4849032c-4875-4d16-ba0c-96e28720d00f,1
1b7e0502-ca9d-4831-894e-7397b38a3db1,0
924e48b4-504e-4b66-874c-146ccea6c978,1
0de5fd7b-dcec-4307-b9e2-4cc0ca63d3d0,1
39b02e2a-d96e-484f-bdb0-174e7938878a,0
965d744f-0445-41a8-92af-97e4c536c66e,0
ab37ff0a-a574-425f-86ed-eb1183ade32f,0
84fcfcb0-f5e9-4352-b745-39f2f1d188b9,1
836392b7-d9a3-442a-83c2-8870adde98b6,0
0262bf90-3bd8-4e22-8b0f-ab8e9fa4ce21,1
41bb0e0d-8fff-406d-967b-6ea029451370,0
f301bb6c-b306-4300-8879-d93272540ab7,1
517400f8-0b2c-482a-a928-8e92c68a152f,1
0c3ce284-c7e5-4bbb-9cb5-1c535b62a8df,1
61e5cdd9-741d-40f6-bded-3f17ab76faa9,0
725d71f1-836a-4e1d-b8f5-3fd1a711fd90,1
8b6daa25-1a52-4aa2-8b66-0bcdd32e4757,1
e28065d7-bc49-4467-8f81-0db2bbc1686b,0
bbfe7e0e-3a22-4851-a928-a048763c714b,1
c1581092-f335-4ba3-913a-7052986f9025,1
098bfdfb-202b-40d1-871a-5cecdbf0d42a,0
b43bd27f-42a2-49a6-8664-12854303cbc1,1
da948cdf-6637-4dc7-91f4-48bb28802cff,1
ff7d39f7-9563-4c97-b65f-982b95eef45c,0
c44ba50d-cb6c-4a6e-bb95-8291f3dd69d1,0
b0e6a969-e213-42b0-b1ee-dba313432e61,1
7b2413e8-005f-4765-975f-310891653dbc,1
9e9a1e40-ba49-4cd5-a185-3b1a63e12924,1
6e663c0a-c1e0-44a1-bbf8-20f6c6523c3d,1
da78f4c5-26b3-403a-a575-13a5447a4e2c,1
4d980202-3fbc-45e0-9b19-11122d2ae08e,0
f00d5a65-5fb8-4f18-97d3-ce211f14eb34,1
dcc8c801-8c57-4243-b69f-ce1ae67d9f00,1
255bfc1c-7e3d-4ee4-84b6-4ec14d16f049,0
94eeda02-f9aa-4d6d-b2e9-d9393fbce063,0
fcfd348c-00f0-47fe-b8e7-bcf5854c0d1f,1
1604c332-09a6-4674-8b1f-a32544e5f394,0
ac9ed156-f63f-4e41-ba9a-ca5e176132ed,1
7b1463c9-30bf-4f5a-b01d-e9361527690a,1
dcd1c413-0760-401f-9c81-fc465bcd236c,0
ff3c6d4e-a1dc-4cab-8e21-3ce5668eb10e,0
c3dd1d6a-18fc-4899-9c86-a6f929f5d43d,1
05722bc5-4b5e-4a40-9a5a-897790ba1d38,0
f8d78cbc-5a5d-4cc5-9f98-2a0dac184ef9,0
6ba57136-9144-4442-82d8-a7f546ef7aaa,1
3ff93134-650e-48e4-afe6-33f18f807d8b,0
91eca6b7-2d7b-4702-a365-798bcb6bb8fe,0
b1a63ccf-d597-4a14-a7dc-08577422acb0,0
5ff540ca-9038-4b45-916d-9a42e7b795f9,1
a96bc761-3717-4e45-a570-6108fc78090e,1
e8fe6095-2cb3-4e23-9a94-0c6c1c8e806b,0
712ab8eb-3756-4005-8844-bc0caccfb130,1
b850b440-1c8c-4498-a7ad-595bdc739cbc,0
da55f825-5086-4384-b33a-c54f62359144,1
507a61a9-9d8f-4ee1-a12c-6678933c3b76,0
64ea7b95-62a1-49fb-97de-b702b026d60a,0
fcc2ed18-92ae-413c-963b-d56405e514ff,1
6db96fa2-6aa7-42a8-b2dd-aaea0bb28d6b,1
a830b0ba-d43d-447d-a0c4-e0f916e4e6e7,1
be87dbac-a2ff-4996-ab5e-371f1ecd9ed7,1
99dce819-1841-4873-a34d-6e09f0ffd6b0,1
ab86fc70-a89c-4d28-8e08-215adbe6fc7f,0
112458e5-e7ae-468b-83a1-dcf0495efe40,1
afdc8a51-a34c-4c78-97a9-9ae771757228,1
cb80f288-446f-44dd-9abc-a6e5d0b1e3eb,1
68181f5b-bb56-488b-b172-ec53032e2730,0
78ea47e2-cbc4-4d42-9c39-b57dbc0dbd13,0
ab987d93-53bd-4128-a2f0-6403eac97d37,0
e3de4ec0-4dfa-41be-a335-b2c89e7b1e95,0
71305648-a6eb-4702-9e41-8884c9d0c0fc,0
3242f61c-ea3d-49b2-8319-8f412467f4a3,1
dc399fe1-bfd2-45d7-acaf-9eeb21b5b893,0
7c152622-51ed-4b85-b4e8-2b6c45d3708a,0
bd03d33b-eee9-495e-a308-6e48e4e5b5b0,1
49e64c22-89a0-47eb-b98f-569b465cc2cb,0
7eef09ab-da14-4a47-b823-51d9d94df188,1
bcc9c2e6-9d2f-4a3e-a7b4-f9c831b5efb0,1
6334db06-52ac-4e30-91c8-10ef802643c4,1
3ff5ea79-7cae-4dfe-b4dc-70c6e8acd757,0
f88505f9-d126-4905-9e99-3ecda0f35470,0
1ac0dff3-6717-4ab7-a1f0-e5c51cda8918,1
645261f7-6318-41d2-9ebe-22d3111f1a28,1
6f3f753b-3fc1-4984-b818-1f7aaf2e1558,0
4fdcb645-44ec-49bb-8688-6817800d198e,0
9860f848-a74b-4973-b949-54dbfb2cef68,0
15ce6a66-4dc8-4a1e-b2f9-e5fa90164161,1
afaf20ec-2a08-4526-ac4f-e33d47206b6c,0
3f843c8f-a46f-47b5-8d45-e921e64b5523,0
bb84711f-267c-4754-91c6-485467a9cca9,1
0e721365-a4e6-4afd-a6cc-d201335dc080,1
fab8328f-2cae-43a2-89d7-16efa62d7221,1
2ab8c610-e7e3-49b8-918d-a4887d5704df,0
ba2c43ec-43f8-4fcf-8997-0b27dbdcfb3d,0
a689b424-7a3a-40e1-b9c7-73a0e0decc3d,1
1d4ff1c8-618e-42a7-8d34-dd8374629fb5,1
55b82364-9ca4-406c-9076-ddad317e43a4,1
56a60db5-0776-449a-a88e-8d5d51856418,1
aacefa98-732e-4280-82fd-617775ffe99a,0
5caf5c6a-64ca-48e8-8dde-dccc831bef03,1
64b078a7-a4f9-467f-9dc3-bbee31523136,0
2e9ce8ff-084a-4c4b-9146-8cdcf7164b73,0
ba92992e-44f8-453c-9224-6d05d3692867,0
905f9096-2996-46e2-8c9d-690713b22cec,1
4b26f0a3-33b1-4ca4-b74d-34f5caf07226,1
2a25a888-0f02-4ad0-a706-7ef466aa9385,0
4a9ff50e-8800-41b6-b3f6-21a826330c43,1
47b885fa-78d8-4dd6-890a-886c36442939,0
44f7f01a-3cb5-46d7-834a-130e8c6ea6ad,1
1e7f92ad-ea39-43ff-a14f-ea786e2f1d3b,1
599a20f1-81dc-457c-964c-af2f6d442c3f,0
577bc55a-36d5-4494-b37f-d50d2e25b5ee,1
a754251d-04fe-42e3-a98a-470cb894550a,0
0f9d7819-53e6-4977-888d-5d8d0aef77ed,0
f166cdcf-762c-4fbc-ba2a-a7baf3f81c31,1
2e401311-c973-484e-ad4c-041374be3766,1
c99496ab-6db7-4a7e-b0a6-d78ba64e2384,0
1a8cf13c-28ce-431e-9827-4fc3f1458426,1
eb821435-382a-4bde-bef5-50110acd1ac7,1
9b08725e-e1ea-40f2-8c52-b95c2146e7b4,1
d5963842-567e-4c74-bd92-232a4fbb831a,0
b2092e71-208f-498c-ae2c-92b2d9b97b79,0
5468edcc-4256-4c8d-b1bd-d56a5e8fb079,1
d0cb079f-2f5d-4f13-b59a-97252e77abe3,1
05fef7bc-28f7-4d49-a2bc-491ec1cdc9a4,0
23c8afdb-83f8-4f16-a4a4-474c9b33e3a4,0
72811822-fd26-4e31-8a00-c9be55c5e74b,1
8c6d768e-45bc-43ba-af52-d36e8a63b93c,0
4491be40-1042-4a8e-8da2-2a3950db8e34,0
5a766ac4-0f4c-4562-aa71-295cf816ee8a,0
b39844f4-e194-4b21-ae7e-2fbc21f8b225,1
96b93974-f587-43c5-999a-e3daaae39bc0,0
b1d06d8a-655f-4c8c-8a2b-a8f5a44e3b1c,1
8a55a14b-51f5-48f9-bc15-ae1fefda21b2,0
7b874b4a-cafb-44fe-931f-04afb93c92d5,0
64880945-ad1d-4537-97f3-4368c2efeecb,1
be2d740a-1e9b-43bc-90c7-c006314d3441,1
c63d04ee-541c-4a86-bba5-cd2fdea45c19,0
14fcdd54-9e8f-4965-8a2c-827e98326856,1
9e44e98c-b359-490e-b030-9aaf85ea16e0,1
5b33cb3f-1551-4ef5-8916-54e6473eb4b1,0
344a21b7-dfff-4cea-a687-0a987f0f6662,0
df9a7704-adc2-4f16-a4b3-0768fdfd984e,0
00e78824-33ee-46e7-b5de-feba21aea39b,0
5e723c24-c2c7-4d49-8dae-27d77668d540,1
c9c1ad45-f4ea-4b97-aaa4-15b56336c815,1
21c71aa3-7414-43b5-8e3e-25f2cf0671c7,0
f1530f68-9215-483a-9532-caba7af985ff,1
994e4303-b0cb-47f3-83ab-6793e30065bb,1
de3e0557-910a-460d-8063-3a98ea5dc3de,0
b0736dd1-f443-464c-a269-9a4400d8c046,0
f45045ad-2454-4c98-9510-71bcc15d3abb,0
5a19d7ab-73e0-467e-87e8-1b25a9715404,0
e3931b79-2fc8-4230-b53f-38c0f95f299a,0
5bd93609-b297-4782-bcf4-74aace63cb1a,0
87c5577f-d091-4dcd-b5c0-b4909361b11d,0
461e24a3-f2fb-494a-bd29-6f9c7d6af5c4,1
eda413c6-eb84-46e4-85fa-e0476f669013,0
de72d970-10c4-4f9e-b020-321be90f4137,1
d4bf7a4b-25b8-442f-836b-15c7e7c225da,1
f7eae66e-ca6c-4f9b-8969-71018b2c550a,0
8b0901ab-c66d-4eb3-8494-5e091d3ca5a4,0
7ec391ef-44ad-4484-b112-3048e128b9a8,1
7024cf94-0830-4982-96fc-1a769e1d5748,0
f5ed7ddf-783f-4cd0-a0b2-f35699b62656,0
1bff3142-a5e1-4b55-97d3-f4ddd963dc72,0
4949ded7-76c3-4071-81bf-7df87ead63bc,1
46573d38-2138-481b-a83f-18e26a11315a,0
5422ea97-e32a-4787-9824-6315ad49e072,1
44c1f1b5-ebbb-4763-b9a7-e63bbee975da,0
9de7df7b-5594-452b-805a-8e7e6f46a41f,0
c76e8e04-1b64-4f32-9aa2-88e1609c6c82,0
00926d61-368b-4d68-83c6-b5324b25c483,0
e82b5b36-4269-428c-8bac-bedfff5a229e,0
954e95fb-362f-4bc2-99d5-d66c072b50ed,0
63a35592-34ef-4156-a55a-b787a292bd6c,0
4b658517-1519-413c-a6c7-1f155bed83be,1
c6bdce43-0902-4afd-964e-9cd4cade4865,1
eb108621-75ec-4919-9de5-388868e57a79,0
dac5609e-4772-4adf-8f49-d01a15a15a52,0
929d778e-9fde-4d5f-8441-c3db6bb57af7,0
1ff49f0a-9435-4cb1-b24a-f3fba016db34,0
bdd640fb-0667-4ad1-9c80-317fa3b1799d,1
03d33907-ce02-4d60-98ef-9a287f5da7f8,1
1391d18a-8171-4955-8f7a-1e435a1ba9db,1
1ad74fd4-298b-4e78-9420-60ce6b2f9d47,1
459df649-cdf9-41d6-b22e-d234404c86f1,1
0be1bd38-a1be-4068-925f-38eb00fc3ce3,1
b78a2037-bd46-4bd5-82c5-2802aca65492,1
e3fe266b-a23b-4ed7-b0ad-f7ed4277171c,1
358fb73f-b0bd-414f-84a5-24d9016d26d9,1
e1b3b9d1-f887-4c21-b69d-2be14bf91d08,0
3d563b0e-d11c-45c8-90b2-81c0ffdba2ee,1
66c09e7b-741a-426d-8bca-fbdb54b0f552,0
406bf02d-a97a-4f4e-bc10-871bba4f4b03,0
3508507a-f622-4842-8402-2b3c508211a5,0
366f4268-7c7d-4490-9ab7-f449ff169376,0
6b775489-16ca-4742-b0e5-2458e2832379,0
aad74fe0-5f48-487e-a0e6-60c2b477caf7,0
635b729c-eb2a-408b-8780-d6caddebd8d4,0
fabf8aef-608d-4b54-9913-0b900286675d,0
ff3c03a6-3575-44ee-bd36-5abf633bffff,0
eb680076-96f5-49cb-9e87-ad6d6db3bda5,0
6e6aa3ec-4378-4e6b-8d3d-dee3cdad54f4,0
430438b5-32c1-42f1-b661-7a3bf9606ca3,0
22c0c475-a549-46d0-891a-5875cc18dd0e,1
b28935e7-8e5b-4f68-bdcf-3be05e4d9d2f,1
816ce054-282c-4470-af32-f72aa4b5c723,1
ad238d36-dc32-4c97-b9c1-e262f76c8ede,0
21084dd9-f75d-4e3c-848d-56502e9522d6,1
90b950bb-5e9b-4a6c-a0cd-5bb8dd357f0d,1
a522f92f-4b20-46a2-aa1c-8b533e2e7201,0
52335cad-3905-4fc0-a151-f6edb2297aff,0
4d59f68e-05ff-42f2-be54-eceb8329bd1a,1
eede901c-be29-44f8-9b52-a1e6cdfc9ce7,1
c7797848-1c6e-4704-8311-7efcb0b4d74e,0
afd063d6-35dd-4534-9528-68557858406c,1
f62162ab-6ba6-4252-b76f-fd036d7bba17,0
6016c743-8bc8-4a02-99ea-493660f34ebc,1
f7716700-7305-4d23-8fd0-b040d5916d49,1
1e7d8f7b-8d59-434d-84bd-604fb5502e2b,0
96a9954f-dc33-41f9-8c1f-55ab715629ee,1
889fe107-443b-4d0f-bdbc-3093a8284442,1
c2d031ad-1bc6-429e-82f1-9c7b91f29ea4,0
f431f8f1-87db-4211-b84f-e7ef5c726f34,0
5dcf19aa-bb3d-451c-b893-dae943ab6168,0
3ca0cbd6-78e8-4f15-8775-3db0b795e838,0
e9f8e115-2d8a-42cc-bbb9-bc20eea21c48,1
dc404104-91af-4892-a40f-f1c4e5ae01ed,1
9132b63e-f162-47e4-a9c3-49e03602f8ac,0
49ee4969-0309-44c0-af4a-bfccdeca8598,1
d74d930e-0e0f-4619-a926-61f516ca331c,0
15bebdd0-97b0-47ce-8fe5-c13ba5e8c198,1
6e4c1501-808f-4cb9-a59d-12db268f090a,0
d5942bb2-7ddf-4270-bc60-037efc6f2e6e,0
2bf23fc0-7393-4a80-a783-621808dc05ef,0
aa47bfc8-164b-4766-b4c7-573a84c84c23,1
1f683d6f-988c-49db-ad5c-ea4e758964f5,0
9d37c5a6-bd8e-480c-923c-cd6417576cc8,0
7bcf2b31-902b-4154-a088-5550f74f6900,0
150f1ad2-476a-4f1d-bfef-bd38a8112386,1
734bda19-c991-46cc-94a6-368b71d60744,0
7d05121c-ceee-4d65-9904-8ca79291e493,0
60094db3-b265-493e-8531-4fd0ac01e53d,1
a25291f3-730b-4657-b4cb-46131d39e9c2,1
8e144e1f-b6b6-415c-852f-e1b1b6b4d8e7,0
7b4bcaf8-6b4a-4541-b123-167e596a2b36,0
c6e4472d-983a-4d16-ba66-f439ee62af25,0
9f35ba40-43e2-4caf-9767-a0d7e8b2f81a,0
78a118df-0088-4a76-8d25-c8d0fde90c2d,1
20141450-ae22-45bb-b1c3-6cb3445dc624,0
01f73517-7c4a-42db-a105-06680e49a743,1
4814e14e-b5bc-4efc-87e4-02c5e05a2a8a,1
a0ee404f-9ea8-4cb1-8732-68c98c1e9464,0
e7a9f866-38f9-4aed-a5c8-5224d202d65b,1
37b567b4-172d-4bd0-8fbd-4c81a9008ecd,0
70944bdb-26a5-44e3-90ee-7a92a09151e0,0
b1b9fd9d-db58-4dd9-a0f3-6e9238ec71aa,0
26a97770-7983-4fc0-8eda-75d9bc41c770,1
134c6c92-ec5b-427c-9fde-4fbf3ff350bf,0
046a0df5-cafd-4613-b2bb-912d7da67785,0
2e3a9584-adf5-48fc-995f-2694b8edffe8,1
9a463e70-3204-406d-b61a-84b9cec74f48,1
3ad24ac8-bf70-4042-9e7c-6795a8c6c2df,0
b69b8391-e4ee-4f51-9ce8-5b7d0761dc0c,0
b3fce44c-942a-4c09-bb32-99df50833557,1
b8b791b0-4de8-4d1e-9fa0-bc178db969af,1
66c67afa-057f-41df-a3af-85416eb194b8,1
a61f0b96-e75f-445a-aa1d-3fc65f31273d,1
fe13d91c-183e-4726-9ea8-428428d30ca3,1
0692fe02-238c-4712-accf-3b91e35209a0,0
9f8cc29f-fd35-4c5f-9347-9a3b479bc637,0
c4593083-db40-4797-8ecc-4bd986db41b4,0
3b38102b-7bdf-4546-a4a8-844f7d94a6ce,1
b89b9722-3aa4-4cd7-89e5-8ebc673d4de0,1
13cdaa4c-b415-47cf-a4fe-fbbe5f7a6026,1
fc424352-6d98-4038-b174-429ccffa9e4d,0
73905263-b653-4dba-9faf-c6cf4c5fccfb,0
f58f9bdd-d520-4ef5-878a-4dcbdac97c5a,1
0f344fe1-c3c5-4bb5-a355-ce1655a47eab,1
3dba6da8-5844-49fc-914b-9547c9dc72b8,1
90ce82e8-e9a5-4368-9812-9eb27c13f47a,1
07e79181-3039-4a9f-8f0b-5593542d4393,0
08a5ad03-3f4f-4031-b025-5b9dc5bcc4cd,1
93b91ea1-4211-4052-b4de-bda7f4a6af9d,1
15c18944-b44b-4731-985f-014a29e9efa2,0
b8fc7513-1b3f-44b0-9550-9b75c7cfb659,1
89b4db80-8a32-484a-a401-461af5b92b3c,0
a30c1e0e-69cd-4159-a53d-fc49f7410b94,0
f4aa15ac-3971-43ef-9339-e78dc05db901,1
1f8b4af1-96bc-432d-ac11-7babd6642fe8,0
1dabb10a-bd10-487c-ad0e-0597500d92a7,0
2e89bdbd-5369-4c45-877e-0371ed140bfa,1
6b0ffa79-3113-413a-a0b9-98300b373468,0
21ce7ad0-73f5-4a4e-b67a-004b71d87c8f,1
3c088990-54a2-4051-bb0c-cad9eee13cae,1
b5e18851-619f-4688-b6a8-6371bf693365,0
f9722cc1-349e-44a9-94c2-9d5c19ec0829,0
98c7472a-864e-4a13-829c-fc0cfa02eaec,0
7f0386fa-13ba-4c91-a0a5-fde6939f71a2,0
235fc3d5-2224-4806-8e07-2a5273edb223,1
0f6eed31-8745-4d05-94e8-9dd00c4bc3d2,1
d8c024a9-a99e-4f9b-b68e-af5851ddaa9d,0
f49eaaa3-0ef1-47f7-aa84-6c2c6d9b5aa8,1
ebd7fd91-5d5a-43aa-9e09-b6685422d954,1
58029d89-6ab5-44fd-914b-254e39873b7f,0
9d88e7a4-f763-41e6-9f9f-9701b819544a,1
66b1f859-adb5-45e6-bb88-e4ef567f3096,1
ddc55228-38e1-4998-9dca-9cc3d48f16c5,0
2bb47785-5385-4e02-afe4-0ae899ccdde6,0
9b69554d-7c54-435f-ac8c-3b6aa974d079,1
9d09cf19-a079-465a-8cc5-b7058af263bd,0
931414e8-510e-441f-be67-e8e90a88e6ca,0
00b30bda-6f26-4d7c-b634-fa4840480f7b,0
c693da11-39c6-41ca-9e50-aa42ca6dfda1,0
6c5b07b6-f127-47bd-b862-32528c45b36c,0
c4246277-8544-44ab-9a64-f27d0bcfd0fc,0
879d19c3-57e4-467e-b8e6-b704b1d12755,0
7cdfa469-82ed-4aad-b84c-2537f2d0a15c,0
daea544a-291a-4905-9a29-fe6b590bd0c6,1
dbafd3b1-50ff-4ea7-83f5-dc20d065699a,0
70d18e9e-e435-4335-ad4b-2c1392f0ae83,1
60d8039e-92aa-41d5-a1e7-2ff58cf50927,1
4135b443-2576-4869-9765-f41889939c6e,0
05cf079e-a095-4c4d-b3bd-2348854bc8fa,1
